NEG_CTRL_NO_SITE_1,gaaaggacgaaacaccgctacCAACGTCGCGAACGTCGTATGTTTAAGAGCTATGCTGGAAACAGCATAGCAAGTTTAAATAAGGCTAGTCCGTTATCAACTTGAAAAAGTGGCACCGAGTCGGTGCttttttCTACGGAGACGtgcag
NEG_CTRL_NO_SITE_2,gaaaggacgaaacaccgctacACCACCGTTCGTACCGGTCGGTTTAAGAGCTATGCTGGAAACAGCATAGCAAGTTTAAATAAGGCTAGTCCGTTATCAACTTGAAAAAGTGGCACCGAGTCGGTGCttttttCTACGGAGACGtgcag
NEG_CTRL_NO_SITE_3,gaaaggacgaaacaccgctacAGACCGTCGTCGATCGATACGTTTAAGAGCTATGCTGGAAACAGCATAGCAAGTTTAAATAAGGCTAGTCCGTTATCAACTTGAAAAAGTGGCACCGAGTCGGTGCttttttCTACGGAGACGtgcag
NEG_CTRL_NO_SITE_4,gaaaggacgaaacaccgctacGTCGTACGGATTCGCGCGTAGTTTAAGAGCTATGCTGGAAACAGCATAGCAAGTTTAAATAAGGCTAGTCCGTTATCAACTTGAAAAAGTGGCACCGAGTCGGTGCttttttCTACGGAGACGtgcag
NEG_CTRL_NO_SITE_5,gaaaggacgaaacaccgctacCCCCGATCTTACGTCGCGTAGTTTAAGAGCTATGCTGGAAACAGCATAGCAAGTTTAAATAAGGCTAGTCCGTTATCAACTTGAAAAAGTGGCACCGAGTCGGTGCttttttCTACGGAGACGtgcag
NEG_CTRL_NO_SITE_6,gaaaggacgaaacaccgctacGTTGTCGAACTCGAACGTCGGTTTAAGAGCTATGCTGGAAACAGCATAGCAAGTTTAAATAAGGCTAGTCCGTTATCAACTTGAAAAAGTGGCACCGAGTCGGTGCttttttCTACGGAGACGtgcag
NEG_CTRL_NO_SITE_7,gaaaggacgaaacaccgctacCCTTAACGGCAATCGCGCGTGTTTAAGAGCTATGCTGGAAACAGCATAGCAAGTTTAAATAAGGCTAGTCCGTTATCAACTTGAAAAAGTGGCACCGAGTCGGTGCttttttCTACGGAGACGtgcag
NEG_CTRL_NO_SITE_8,gaaaggacgaaacaccgctacCAACGTACGACGCGATAATAGTTTAAGAGCTATGCTGGAAACAGCATAGCAAGTTTAAATAAGGCTAGTCCGTTATCAACTTGAAAAAGTGGCACCGAGTCGGTGCttttttCTACGGAGACGtgcag
NEG_CTRL_NO_SITE_9,gaaaggacgaaacaccgctacGTACGTCGATCGTATATCGAGTTTAAGAGCTATGCTGGAAACAGCATAGCAAGTTTAAATAAGGCTAGTCCGTTATCAACTTGAAAAAGTGGCACCGAGTCGGTGCttttttCTACGGAGACGtgcag
NEG_CTRL_NO_SITE_10,gaaaggacgaaacaccgctacCCCCGTCGCGGTATGATCGGGTTTAAGAGCTATGCTGGAAACAGCATAGCAAGTTTAAATAAGGCTAGTCCGTTATCAACTTGAAAAAGTGGCACCGAGTCGGTGCttttttCTACGGAGACGtgcag
NEG_CTRL_NO_SITE_11,gaaaggacgaaacaccgctacTGGCGCGACGTTATACGCGTGTTTAAGAGCTATGCTGGAAACAGCATAGCAAGTTTAAATAAGGCTAGTCCGTTATCAACTTGAAAAAGTGGCACCGAGTCGGTGCttttttCTACGGAGACGtgcag
NEG_CTRL_NO_SITE_12,gaaaggacgaaacaccgctacTGGCGCCGATACGTCGGCTAGTTTAAGAGCTATGCTGGAAACAGCATAGCAAGTTTAAATAAGGCTAGTCCGTTATCAACTTGAAAAAGTGGCACCGAGTCGGTGCttttttCTACGGAGACGtgcag
NEG_CTRL_NO_SITE_13,gaaaggacgaaacaccgctacAGCCGATCGATTCGCAATCGGTTTAAGAGCTATGCTGGAAACAGCATAGCAAGTTTAAATAAGGCTAGTCCGTTATCAACTTGAAAAAGTGGCACCGAGTCGGTGCttttttCTACGGAGACGtgcag
NEG_CTRL_NO_SITE_14,gaaaggacgaaacaccgctacTATATCGCGGCGTCGTTACAGTTTAAGAGCTATGCTGGAAACAGCATAGCAAGTTTAAATAAGGCTAGTCCGTTATCAACTTGAAAAAGTGGCACCGAGTCGGTGCttttttCTACGGAGACGtgcag
NEG_CTRL_NO_SITE_15,gaaaggacgaaacaccgctacAGTTCGTCGGTTCGTTCGAAGTTTAAGAGCTATGCTGGAAACAGCATAGCAAGTTTAAATAAGGCTAGTCCGTTATCAACTTGAAAAAGTGGCACCGAGTCGGTGCttttttCTACGGAGACGtgcag
NEG_CTRL_NO_SITE_16,gaaaggacgaaacaccgctacAAGCGACGTTCGTCCGATAGGTTTAAGAGCTATGCTGGAAACAGCATAGCAAGTTTAAATAAGGCTAGTCCGTTATCAACTTGAAAAAGTGGCACCGAGTCGGTGCttttttCTACGGAGACGtgcag
NEG_CTRL_NO_SITE_17,gaaaggacgaaacaccgctacTAGAACCGGCGTAATTCGCGGTTTAAGAGCTATGCTGGAAACAGCATAGCAAGTTTAAATAAGGCTAGTCCGTTATCAACTTGAAAAAGTGGCACCGAGTCGGTGCttttttCTACGGAGACGtgcag
NEG_CTRL_NO_SITE_18,gaaaggacgaaacaccgctacATATTCGCGTTACGCGCATTGTTTAAGAGCTATGCTGGAAACAGCATAGCAAGTTTAAATAAGGCTAGTCCGTTATCAACTTGAAAAAGTGGCACCGAGTCGGTGCttttttCTACGGAGACGtgcag
NEG_CTRL_NO_SITE_19,gaaaggacgaaacaccgctacCCCACGTCGGTCGCGCGATAGTTTAAGAGCTATGCTGGAAACAGCATAGCAAGTTTAAATAAGGCTAGTCCGTTATCAACTTGAAAAAGTGGCACCGAGTCGGTGCttttttCTACGGAGACGtgcag
NEG_CTRL_NO_SITE_20,gaaaggacgaaacaccgctacTGCCGTTACGCCCGACGAATGTTTAAGAGCTATGCTGGAAACAGCATAGCAAGTTTAAATAAGGCTAGTCCGTTATCAACTTGAAAAAGTGGCACCGAGTCGGTGCttttttCTACGGAGACGtgcag
NEG_CTRL_INTERGENIC_SITE_1,gaaaggacgaaacaccgctacAGAGTTACGTCGCTTCGATCGTTTAAGAGCTATGCTGGAAACAGCATAGCAAGTTTAAATAAGGCTAGTCCGTTATCAACTTGAAAAAGTGGCACCGAGTCGGTGCttttttCTACGGAGACGtgcag
NEG_CTRL_INTERGENIC_SITE_2,gaaaggacgaaacaccgctacACAATTACTCGGATACGCTCGTTTAAGAGCTATGCTGGAAACAGCATAGCAAGTTTAAATAAGGCTAGTCCGTTATCAACTTGAAAAAGTGGCACCGAGTCGGTGCttttttCTACGGAGACGtgcag
NEG_CTRL_INTERGENIC_SITE_3,gaaaggacgaaacaccgctacGCTGCAGACTAGCTATCGTAGTTTAAGAGCTATGCTGGAAACAGCATAGCAAGTTTAAATAAGGCTAGTCCGTTATCAACTTGAAAAAGTGGCACCGAGTCGGTGCttttttCTACGGAGACGtgcag
NEG_CTRL_INTERGENIC_SITE_4,gaaaggacgaaacaccgctacTCAGCTCCAAACGTACGTACGTTTAAGAGCTATGCTGGAAACAGCATAGCAAGTTTAAATAAGGCTAGTCCGTTATCAACTTGAAAAAGTGGCACCGAGTCGGTGCttttttCTACGGAGACGtgcag
NEG_CTRL_INTERGENIC_SITE_5,gaaaggacgaaacaccgctacACAGAGTCGCCGCATCGCACGTTTAAGAGCTATGCTGGAAACAGCATAGCAAGTTTAAATAAGGCTAGTCCGTTATCAACTTGAAAAAGTGGCACCGAGTCGGTGCttttttCTACGGAGACGtgcag
NEG_CTRL_INTERGENIC_SITE_6,gaaaggacgaaacaccgctacGAAGCACTAGCCGTACGTATGTTTAAGAGCTATGCTGGAAACAGCATAGCAAGTTTAAATAAGGCTAGTCCGTTATCAACTTGAAAAAGTGGCACCGAGTCGGTGCttttttCTACGGAGACGtgcag
NEG_CTRL_INTERGENIC_SITE_7,gaaaggacgaaacaccgctacTAAATACGGTCGTTAATCCCGTTTAAGAGCTATGCTGGAAACAGCATAGCAAGTTTAAATAAGGCTAGTCCGTTATCAACTTGAAAAAGTGGCACCGAGTCGGTGCttttttCTACGGAGACGtgcag
NEG_CTRL_INTERGENIC_SITE_8,gaaaggacgaaacaccgctacTGACACGGACGTATACGGATGTTTAAGAGCTATGCTGGAAACAGCATAGCAAGTTTAAATAAGGCTAGTCCGTTATCAACTTGAAAAAGTGGCACCGAGTCGGTGCttttttCTACGGAGACGtgcag
NEG_CTRL_INTERGENIC_SITE_9,gaaaggacgaaacaccgctacTAAGGACAGGCGTATAACGAGTTTAAGAGCTATGCTGGAAACAGCATAGCAAGTTTAAATAAGGCTAGTCCGTTATCAACTTGAAAAAGTGGCACCGAGTCGGTGCttttttCTACGGAGACGtgcag
NEG_CTRL_INTERGENIC_SITE_10,gaaaggacgaaacaccgctacACTGTGAGGTTACCTCGATAGTTTAAGAGCTATGCTGGAAACAGCATAGCAAGTTTAAATAAGGCTAGTCCGTTATCAACTTGAAAAAGTGGCACCGAGTCGGTGCttttttCTACGGAGACGtgcag
TARGETED_STAG2_SITE1,gaaaggacgaaacaccgctacGCAGTTCCCCCACCACGCGCGTTTAAGAGCTATGCTGGAAACAGCATAGCAAGTTTAAATAAGGCTAGTCCGTTATCAACTTGAAAAAGTGGCACCGAGTCGGTGCttttttCTACGGAGACGtgcag
TARGETED_STAG2_SITE_2,gaaaggacgaaacaccgctacGCGTGGTGGGGGAACTGCTGGTTTAAGAGCTATGCTGGAAACAGCATAGCAAGTTTAAATAAGGCTAGTCCGTTATCAACTTGAAAAAGTGGCACCGAGTCGGTGCttttttCTACGGAGACGtgcag
TARGETED_STAG2_SITE_3,gaaaggacgaaacaccgctacGCCCCATCATCTCCAGCGCGGTTTAAGAGCTATGCTGGAAACAGCATAGCAAGTTTAAATAAGGCTAGTCCGTTATCAACTTGAAAAAGTGGCACCGAGTCGGTGCttttttCTACGGAGACGtgcag
TARGETED_MED8_SITE1,gaaaggacgaaacaccgctacATGCAGGTGAGAGTTGCGTTGTTTAAGAGCTATGCTGGAAACAGCATAGCAAGTTTAAATAAGGCTAGTCCGTTATCAACTTGAAAAAGTGGCACCGAGTCGGTGCttttttCTACGGAGACGtgcag
TARGETED_MED8_SITE_2,gaaaggacgaaacaccgctacAATGCAGGTGAGAGTTGCGTGTTTAAGAGCTATGCTGGAAACAGCATAGCAAGTTTAAATAAGGCTAGTCCGTTATCAACTTGAAAAAGTGGCACCGAGTCGGTGCttttttCTACGGAGACGtgcag
TARGETED_MED8_SITE_3,gaaaggacgaaacaccgctacAACTCTCACCTGCATTGCGGGTTTAAGAGCTATGCTGGAAACAGCATAGCAAGTTTAAATAAGGCTAGTCCGTTATCAACTTGAAAAAGTGGCACCGAGTCGGTGCttttttCTACGGAGACGtgcag
TARGETED_MED20_SITE1,gaaaggacgaaacaccgctacAATCACACAGTAGAAACGCAGTTTAAGAGCTATGCTGGAAACAGCATAGCAAGTTTAAATAAGGCTAGTCCGTTATCAACTTGAAAAAGTGGCACCGAGTCGGTGCttttttCTACGGAGACGtgcag
TARGETED_MED20_SITE_2,gaaaggacgaaacaccgctacGGAACTGAAGGAGTTTCTGTGTTTAAGAGCTATGCTGGAAACAGCATAGCAAGTTTAAATAAGGCTAGTCCGTTATCAACTTGAAAAAGTGGCACCGAGTCGGTGCttttttCTACGGAGACGtgcag
TARGETED_MED20_SITE_3,gaaaggacgaaacaccgctacGAATCACACAGTAGAAACGCGTTTAAGAGCTATGCTGGAAACAGCATAGCAAGTTTAAATAAGGCTAGTCCGTTATCAACTTGAAAAAGTGGCACCGAGTCGGTGCttttttCTACGGAGACGtgcag
TARGETED_MED1_SITE1,gaaaggacgaaacaccgctacAAGGATCAATCTGAAGTCCCGTTTAAGAGCTATGCTGGAAACAGCATAGCAAGTTTAAATAAGGCTAGTCCGTTATCAACTTGAAAAAGTGGCACCGAGTCGGTGCttttttCTACGGAGACGtgcag
TARGETED_MED1_SITE_2,gaaaggacgaaacaccgctacGATCAATCTGAAGTCCCCGGGTTTAAGAGCTATGCTGGAAACAGCATAGCAAGTTTAAATAAGGCTAGTCCGTTATCAACTTGAAAAAGTGGCACCGAGTCGGTGCttttttCTACGGAGACGtgcag
TARGETED_MED1_SITE_3,gaaaggacgaaacaccgctacCCCCGGCGGCAAGAAGAGAAGTTTAAGAGCTATGCTGGAAACAGCATAGCAAGTTTAAATAAGGCTAGTCCGTTATCAACTTGAAAAAGTGGCACCGAGTCGGTGCttttttCTACGGAGACGtgcag
TARGETED_MED23_SITE1,gaaaggacgaaacaccgctacTGGAGGAAACCGTAGCTCCTGTTTAAGAGCTATGCTGGAAACAGCATAGCAAGTTTAAATAAGGCTAGTCCGTTATCAACTTGAAAAAGTGGCACCGAGTCGGTGCttttttCTACGGAGACGtgcag
TARGETED_MED23_SITE_2,gaaaggacgaaacaccgctacTCCTCCCCCAGCGCTTTACCGTTTAAGAGCTATGCTGGAAACAGCATAGCAAGTTTAAATAAGGCTAGTCCGTTATCAACTTGAAAAAGTGGCACCGAGTCGGTGCttttttCTACGGAGACGtgcag
TARGETED_MED23_SITE_3,gaaaggacgaaacaccgctacGGCTCGGGAGGGAACGCTCCGTTTAAGAGCTATGCTGGAAACAGCATAGCAAGTTTAAATAAGGCTAGTCCGTTATCAACTTGAAAAAGTGGCACCGAGTCGGTGCttttttCTACGGAGACGtgcag
TARGETED_MED24_SITE1,gaaaggacgaaacaccgctacCCACCTAGAACTGGATTGTGGTTTAAGAGCTATGCTGGAAACAGCATAGCAAGTTTAAATAAGGCTAGTCCGTTATCAACTTGAAAAAGTGGCACCGAGTCGGTGCttttttCTACGGAGACGtgcag
TARGETED_MED24_SITE_2,gaaaggacgaaacaccgctacACAATCCAGTTCTAGGTGGTGTTTAAGAGCTATGCTGGAAACAGCATAGCAAGTTTAAATAAGGCTAGTCCGTTATCAACTTGAAAAAGTGGCACCGAGTCGGTGCttttttCTACGGAGACGtgcag
TARGETED_MED24_SITE_3,gaaaggacgaaacaccgctacCCGCACAATCCAGTTCTAGGGTTTAAGAGCTATGCTGGAAACAGCATAGCAAGTTTAAATAAGGCTAGTCCGTTATCAACTTGAAAAAGTGGCACCGAGTCGGTGCttttttCTACGGAGACGtgcag
TARGETED_MED25_SITE1,gaaaggacgaaacaccgctacGGTGGTGGCGGGTACCGCACGTTTAAGAGCTATGCTGGAAACAGCATAGCAAGTTTAAATAAGGCTAGTCCGTTATCAACTTGAAAAAGTGGCACCGAGTCGGTGCttttttCTACGGAGACGtgcag
TARGETED_MED25_SITE_2,gaaaggacgaaacaccgctacTGGTGGTGGCGGGTACCGCAGTTTAAGAGCTATGCTGGAAACAGCATAGCAAGTTTAAATAAGGCTAGTCCGTTATCAACTTGAAAAAGTGGCACCGAGTCGGTGCttttttCTACGGAGACGtgcag
TARGETED_MED25_SITE_3,gaaaggacgaaacaccgctacGTGGTGGCGGGTACCGCACGGTTTAAGAGCTATGCTGGAAACAGCATAGCAAGTTTAAATAAGGCTAGTCCGTTATCAACTTGAAAAAGTGGCACCGAGTCGGTGCttttttCTACGGAGACGtgcag
TARGETED_MED16_SITE1,gaaaggacgaaacaccgctacGTTGTTACCGAGGAAGATGGGTTTAAGAGCTATGCTGGAAACAGCATAGCAAGTTTAAATAAGGCTAGTCCGTTATCAACTTGAAAAAGTGGCACCGAGTCGGTGCttttttCTACGGAGACGtgcag
TARGETED_MED16_SITE_2,gaaaggacgaaacaccgctacAGATGGCGGCGCCAGACCCGGTTTAAGAGCTATGCTGGAAACAGCATAGCAAGTTTAAATAAGGCTAGTCCGTTATCAACTTGAAAAAGTGGCACCGAGTCGGTGCttttttCTACGGAGACGtgcag
TARGETED_MED16_SITE_3,gaaaggacgaaacaccgctacCGCTAGGGAAGATCGCACCGGTTTAAGAGCTATGCTGGAAACAGCATAGCAAGTTTAAATAAGGCTAGTCCGTTATCAACTTGAAAAAGTGGCACCGAGTCGGTGCttttttCTACGGAGACGtgcag
TARGETED_MED12_SITE1,gaaaggacgaaacaccgctacCGGCGGCCGAGAGACAACAAGTTTAAGAGCTATGCTGGAAACAGCATAGCAAGTTTAAATAAGGCTAGTCCGTTATCAACTTGAAAAAGTGGCACCGAGTCGGTGCttttttCTACGGAGACGtgcag
TARGETED_MED12_SITE_2,gaaaggacgaaacaccgctacACGGCGGCCGAGAGACAACAGTTTAAGAGCTATGCTGGAAACAGCATAGCAAGTTTAAATAAGGCTAGTCCGTTATCAACTTGAAAAAGTGGCACCGAGTCGGTGCttttttCTACGGAGACGtgcag
TARGETED_MED12_SITE_3,gaaaggacgaaacaccgctacGCGGCCGAGAGACAACAAGGGTTTAAGAGCTATGCTGGAAACAGCATAGCAAGTTTAAATAAGGCTAGTCCGTTATCAACTTGAAAAAGTGGCACCGAGTCGGTGCttttttCTACGGAGACGtgcag
TARGETED_MED13_SITE1,gaaaggacgaaacaccgctacCGGCGGTAATGGCGGATGGTGTTTAAGAGCTATGCTGGAAACAGCATAGCAAGTTTAAATAAGGCTAGTCCGTTATCAACTTGAAAAAGTGGCACCGAGTCGGTGCttttttCTACGGAGACGtgcag
TARGETED_MED13_SITE_2,gaaaggacgaaacaccgctacTCCCTCACAGCAGCCGCCGCGTTTAAGAGCTATGCTGGAAACAGCATAGCAAGTTTAAATAAGGCTAGTCCGTTATCAACTTGAAAAAGTGGCACCGAGTCGGTGCttttttCTACGGAGACGtgcag
TARGETED_MED13_SITE_3,gaaaggacgaaacaccgctacGCCGGCGGCGGCTGCTGTGAGTTTAAGAGCTATGCTGGAAACAGCATAGCAAGTTTAAATAAGGCTAGTCCGTTATCAACTTGAAAAAGTGGCACCGAGTCGGTGCttttttCTACGGAGACGtgcag
TARGETED_CDK8_SITE1,gaaaggacgaaacaccgctacGGGCAGAGCCGCACAACAGCGTTTAAGAGCTATGCTGGAAACAGCATAGCAAGTTTAAATAAGGCTAGTCCGTTATCAACTTGAAAAAGTGGCACCGAGTCGGTGCttttttCTACGGAGACGtgcag
TARGETED_CDK8_SITE_2,gaaaggacgaaacaccgctacCAGGGAGCCCGCGGGGACAAGTTTAAGAGCTATGCTGGAAACAGCATAGCAAGTTTAAATAAGGCTAGTCCGTTATCAACTTGAAAAAGTGGCACCGAGTCGGTGCttttttCTACGGAGACGtgcag
TARGETED_CDK8_SITE_3,gaaaggacgaaacaccgctacAGGAGGTACCGGCTGTTGTGGTTTAAGAGCTATGCTGGAAACAGCATAGCAAGTTTAAATAAGGCTAGTCCGTTATCAACTTGAAAAAGTGGCACCGAGTCGGTGCttttttCTACGGAGACGtgcag
TARGETED_SUPT16H_SITE1,gaaaggacgaaacaccgctacCCGGGTCATTGGGAGAGTGCGTTTAAGAGCTATGCTGGAAACAGCATAGCAAGTTTAAATAAGGCTAGTCCGTTATCAACTTGAAAAAGTGGCACCGAGTCGGTGCttttttCTACGGAGACGtgcag
TARGETED_SUPT16H_SITE_2,gaaaggacgaaacaccgctacCAGAGTCACAGCCATAGCCCGTTTAAGAGCTATGCTGGAAACAGCATAGCAAGTTTAAATAAGGCTAGTCCGTTATCAACTTGAAAAAGTGGCACCGAGTCGGTGCttttttCTACGGAGACGtgcag
TARGETED_SUPT16H_SITE_3,gaaaggacgaaacaccgctacGGGATTCCTGGGCCGAGAGCGTTTAAGAGCTATGCTGGAAACAGCATAGCAAGTTTAAATAAGGCTAGTCCGTTATCAACTTGAAAAAGTGGCACCGAGTCGGTGCttttttCTACGGAGACGtgcag
TARGETED_SSRP1_SITE1,gaaaggacgaaacaccgctacAGCGGGCGAATCCATTATGTGTTTAAGAGCTATGCTGGAAACAGCATAGCAAGTTTAAATAAGGCTAGTCCGTTATCAACTTGAAAAAGTGGCACCGAGTCGGTGCttttttCTACGGAGACGtgcag
TARGETED_SSRP1_SITE_2,gaaaggacgaaacaccgctacGGCCTGTGTACGGCTTCCGGGTTTAAGAGCTATGCTGGAAACAGCATAGCAAGTTTAAATAAGGCTAGTCCGTTATCAACTTGAAAAAGTGGCACCGAGTCGGTGCttttttCTACGGAGACGtgcag
TARGETED_SSRP1_SITE_3,gaaaggacgaaacaccgctacCGAGAGGTGGGCGCGCTGGGGTTTAAGAGCTATGCTGGAAACAGCATAGCAAGTTTAAATAAGGCTAGTCCGTTATCAACTTGAAAAAGTGGCACCGAGTCGGTGCttttttCTACGGAGACGtgcag
TARGETED_PHF5A_SITE1,gaaaggacgaaacaccgctacCTCCTAACTAAGCCGGCCACGTTTAAGAGCTATGCTGGAAACAGCATAGCAAGTTTAAATAAGGCTAGTCCGTTATCAACTTGAAAAAGTGGCACCGAGTCGGTGCttttttCTACGGAGACGtgcag
TARGETED_PHF5A_SITE_2,gaaaggacgaaacaccgctacGTGAGACTGCGCCCTACCCCGTTTAAGAGCTATGCTGGAAACAGCATAGCAAGTTTAAATAAGGCTAGTCCGTTATCAACTTGAAAAAGTGGCACCGAGTCGGTGCttttttCTACGGAGACGtgcag
TARGETED_PHF5A_SITE_3,gaaaggacgaaacaccgctacGCCATAGCTCCTAACTAAGCGTTTAAGAGCTATGCTGGAAACAGCATAGCAAGTTTAAATAAGGCTAGTCCGTTATCAACTTGAAAAAGTGGCACCGAGTCGGTGCttttttCTACGGAGACGtgcag
TARGETED_ASH1L_SITE1,gaaaggacgaaacaccgctacGCGCCGGCGCCGGCTTGACAGTTTAAGAGCTATGCTGGAAACAGCATAGCAAGTTTAAATAAGGCTAGTCCGTTATCAACTTGAAAAAGTGGCACCGAGTCGGTGCttttttCTACGGAGACGtgcag
TARGETED_ASH1L_SITE_2,gaaaggacgaaacaccgctacAGGCCCTGTCAAGCCGGCGCGTTTAAGAGCTATGCTGGAAACAGCATAGCAAGTTTAAATAAGGCTAGTCCGTTATCAACTTGAAAAAGTGGCACCGAGTCGGTGCttttttCTACGGAGACGtgcag
TARGETED_ASH1L_SITE_3,gaaaggacgaaacaccgctacCCGGCTTGACAGGGCCTGAGGTTTAAGAGCTATGCTGGAAACAGCATAGCAAGTTTAAATAAGGCTAGTCCGTTATCAACTTGAAAAAGTGGCACCGAGTCGGTGCttttttCTACGGAGACGtgcag
TARGETED_AFF1_SITE1,gaaaggacgaaacaccgctacCGGAGGCAAAGGTGCAGCTGGTTTAAGAGCTATGCTGGAAACAGCATAGCAAGTTTAAATAAGGCTAGTCCGTTATCAACTTGAAAAAGTGGCACCGAGTCGGTGCttttttCTACGGAGACGtgcag
TARGETED_AFF1_SITE_2,gaaaggacgaaacaccgctacGCCAGCCAGCTAGCGAGCGAGTTTAAGAGCTATGCTGGAAACAGCATAGCAAGTTTAAATAAGGCTAGTCCGTTATCAACTTGAAAAAGTGGCACCGAGTCGGTGCttttttCTACGGAGACGtgcag
TARGETED_AFF1_SITE_3,gaaaggacgaaacaccgctacGGCGGCGGCCGAGTGCGCAGGTTTAAGAGCTATGCTGGAAACAGCATAGCAAGTTTAAATAAGGCTAGTCCGTTATCAACTTGAAAAAGTGGCACCGAGTCGGTGCttttttCTACGGAGACGtgcag
TARGETED_LEO1_SITE1,gaaaggacgaaacaccgctacGCGGATATGGAGGATCTCTTGTTTAAGAGCTATGCTGGAAACAGCATAGCAAGTTTAAATAAGGCTAGTCCGTTATCAACTTGAAAAAGTGGCACCGAGTCGGTGCttttttCTACGGAGACGtgcag
TARGETED_LEO1_SITE_2,gaaaggacgaaacaccgctacGCGGACGTGAGCGATAATGGGTTTAAGAGCTATGCTGGAAACAGCATAGCAAGTTTAAATAAGGCTAGTCCGTTATCAACTTGAAAAAGTGGCACCGAGTCGGTGCttttttCTACGGAGACGtgcag
TARGETED_LEO1_SITE_3,gaaaggacgaaacaccgctacCGGATATGGAGGATCTCTTCGTTTAAGAGCTATGCTGGAAACAGCATAGCAAGTTTAAATAAGGCTAGTCCGTTATCAACTTGAAAAAGTGGCACCGAGTCGGTGCttttttCTACGGAGACGtgcag
TARGETED_DOT1L_SITE1,gaaaggacgaaacaccgctacTGTGACTACAAAGAGGGAGTGTTTAAGAGCTATGCTGGAAACAGCATAGCAAGTTTAAATAAGGCTAGTCCGTTATCAACTTGAAAAAGTGGCACCGAGTCGGTGCttttttCTACGGAGACGtgcag
TARGETED_DOT1L_SITE_2,gaaaggacgaaacaccgctacCCGGGCCTGTGACTACAAAGGTTTAAGAGCTATGCTGGAAACAGCATAGCAAGTTTAAATAAGGCTAGTCCGTTATCAACTTGAAAAAGTGGCACCGAGTCGGTGCttttttCTACGGAGACGtgcag
TARGETED_DOT1L_SITE_3,gaaaggacgaaacaccgctacTCTTTGTAGTCACAGGCCCGGTTTAAGAGCTATGCTGGAAACAGCATAGCAAGTTTAAATAAGGCTAGTCCGTTATCAACTTGAAAAAGTGGCACCGAGTCGGTGCttttttCTACGGAGACGtgcag
TARGETED_ELL_SITE1,gaaaggacgaaacaccgctacTCGTGCGGGCGGGTTAGCGAGTTTAAGAGCTATGCTGGAAACAGCATAGCAAGTTTAAATAAGGCTAGTCCGTTATCAACTTGAAAAAGTGGCACCGAGTCGGTGCttttttCTACGGAGACGtgcag
TARGETED_ELL_SITE_2,gaaaggacgaaacaccgctacGGAGCTACGGGCTGTCGTGCGTTTAAGAGCTATGCTGGAAACAGCATAGCAAGTTTAAATAAGGCTAGTCCGTTATCAACTTGAAAAAGTGGCACCGAGTCGGTGCttttttCTACGGAGACGtgcag
TARGETED_ELL_SITE_3,gaaaggacgaaacaccgctacTGAAGGAGGATAGGAGCTACGTTTAAGAGCTATGCTGGAAACAGCATAGCAAGTTTAAATAAGGCTAGTCCGTTATCAACTTGAAAAAGTGGCACCGAGTCGGTGCttttttCTACGGAGACGtgcag
TARGETED_PAF1_SITE1,gaaaggacgaaacaccgctacCGAGACTCAGGTGAACGCGCGTTTAAGAGCTATGCTGGAAACAGCATAGCAAGTTTAAATAAGGCTAGTCCGTTATCAACTTGAAAAAGTGGCACCGAGTCGGTGCttttttCTACGGAGACGtgcag
TARGETED_PAF1_SITE_2,gaaaggacgaaacaccgctacGGTGAACGCGCAGGCAGCACGTTTAAGAGCTATGCTGGAAACAGCATAGCAAGTTTAAATAAGGCTAGTCCGTTATCAACTTGAAAAAGTGGCACCGAGTCGGTGCttttttCTACGGAGACGtgcag
TARGETED_PAF1_SITE_3,gaaaggacgaaacaccgctacGTGAACGCGCAGGCAGCACCGTTTAAGAGCTATGCTGGAAACAGCATAGCAAGTTTAAATAAGGCTAGTCCGTTATCAACTTGAAAAAGTGGCACCGAGTCGGTGCttttttCTACGGAGACGtgcag
TARGETED_CDC73_SITE1,gaaaggacgaaacaccgctacACAGTACAACATCCAGAAGAGTTTAAGAGCTATGCTGGAAACAGCATAGCAAGTTTAAATAAGGCTAGTCCGTTATCAACTTGAAAAAGTGGCACCGAGTCGGTGCttttttCTACGGAGACGtgcag
TARGETED_CDC73_SITE_2,gaaaggacgaaacaccgctacCCTCGCCTACGACAGCAGCAGTTTAAGAGCTATGCTGGAAACAGCATAGCAAGTTTAAATAAGGCTAGTCCGTTATCAACTTGAAAAAGTGGCACCGAGTCGGTGCttttttCTACGGAGACGtgcag
TARGETED_CDC73_SITE_3,gaaaggacgaaacaccgctacCTCGCCTACGACAGCAGCAGGTTTAAGAGCTATGCTGGAAACAGCATAGCAAGTTTAAATAAGGCTAGTCCGTTATCAACTTGAAAAAGTGGCACCGAGTCGGTGCttttttCTACGGAGACGtgcag
TARGETED_ELOA_SITE1,gaaaggacgaaacaccgctacGGAGTCGGCGCTCCAAGTTGGTTTAAGAGCTATGCTGGAAACAGCATAGCAAGTTTAAATAAGGCTAGTCCGTTATCAACTTGAAAAAGTGGCACCGAGTCGGTGCttttttCTACGGAGACGtgcag
TARGETED_ELOA_SITE_2,gaaaggacgaaacaccgctacGACAGCGATGGCGGCGGAGTGTTTAAGAGCTATGCTGGAAACAGCATAGCAAGTTTAAATAAGGCTAGTCCGTTATCAACTTGAAAAAGTGGCACCGAGTCGGTGCttttttCTACGGAGACGtgcag
TARGETED_ELOA_SITE_3,gaaaggacgaaacaccgctacGGCCGCGCCAGTGACAGCGAGTTTAAGAGCTATGCTGGAAACAGCATAGCAAGTTTAAATAAGGCTAGTCCGTTATCAACTTGAAAAAGTGGCACCGAGTCGGTGCttttttCTACGGAGACGtgcag
TARGETED_UBE2A_SITE1,gaaaggacgaaacaccgctacGGGGAGGCGGAAGCACCCAGGTTTAAGAGCTATGCTGGAAACAGCATAGCAAGTTTAAATAAGGCTAGTCCGTTATCAACTTGAAAAAGTGGCACCGAGTCGGTGCttttttCTACGGAGACGtgcag
TARGETED_UBE2A_SITE_2,gaaaggacgaaacaccgctacGAGGCTGGAGAAGCAGGAGAGTTTAAGAGCTATGCTGGAAACAGCATAGCAAGTTTAAATAAGGCTAGTCCGTTATCAACTTGAAAAAGTGGCACCGAGTCGGTGCttttttCTACGGAGACGtgcag
TARGETED_UBE2A_SITE_3,gaaaggacgaaacaccgctacTGGAGAAGCAGGAGAAGGGGGTTTAAGAGCTATGCTGGAAACAGCATAGCAAGTTTAAATAAGGCTAGTCCGTTATCAACTTGAAAAAGTGGCACCGAGTCGGTGCttttttCTACGGAGACGtgcag
TARGETED_HUWE1_SITE1,gaaaggacgaaacaccgctacGTAGCTACTTCGGCTTTGGTGTTTAAGAGCTATGCTGGAAACAGCATAGCAAGTTTAAATAAGGCTAGTCCGTTATCAACTTGAAAAAGTGGCACCGAGTCGGTGCttttttCTACGGAGACGtgcag
TARGETED_HUWE1_SITE_2,gaaaggacgaaacaccgctacGGGTGAAGCTGTAGCTACTTGTTTAAGAGCTATGCTGGAAACAGCATAGCAAGTTTAAATAAGGCTAGTCCGTTATCAACTTGAAAAAGTGGCACCGAGTCGGTGCttttttCTACGGAGACGtgcag
TARGETED_HUWE1_SITE_3,gaaaggacgaaacaccgctacAGGGAGGAGGGGTCTGGAAAGTTTAAGAGCTATGCTGGAAACAGCATAGCAAGTTTAAATAAGGCTAGTCCGTTATCAACTTGAAAAAGTGGCACCGAGTCGGTGCttttttCTACGGAGACGtgcag
TARGETED_MLLT1_SITE1,gaaaggacgaaacaccgctacCGGCGCTTGACAGACAATGAGTTTAAGAGCTATGCTGGAAACAGCATAGCAAGTTTAAATAAGGCTAGTCCGTTATCAACTTGAAAAAGTGGCACCGAGTCGGTGCttttttCTACGGAGACGtgcag
TARGETED_MLLT1_SITE_2,gaaaggacgaaacaccgctacGCGGCGCTTGACAGACAATGGTTTAAGAGCTATGCTGGAAACAGCATAGCAAGTTTAAATAAGGCTAGTCCGTTATCAACTTGAAAAAGTGGCACCGAGTCGGTGCttttttCTACGGAGACGtgcag
TARGETED_MLLT1_SITE_3,gaaaggacgaaacaccgctacATGGACAATCAGGTGAGGAGGTTTAAGAGCTATGCTGGAAACAGCATAGCAAGTTTAAATAAGGCTAGTCCGTTATCAACTTGAAAAAGTGGCACCGAGTCGGTGCttttttCTACGGAGACGtgcag
TARGETED_TRIM28_SITE1,gaaaggacgaaacaccgctacGGCAGCGGCCCAGCAGTTGGGTTTAAGAGCTATGCTGGAAACAGCATAGCAAGTTTAAATAAGGCTAGTCCGTTATCAACTTGAAAAAGTGGCACCGAGTCGGTGCttttttCTACGGAGACGtgcag
TARGETED_TRIM28_SITE_2,gaaaggacgaaacaccgctacGGCGGCAGCGGCCCAGCAGTGTTTAAGAGCTATGCTGGAAACAGCATAGCAAGTTTAAATAAGGCTAGTCCGTTATCAACTTGAAAAAGTGGCACCGAGTCGGTGCttttttCTACGGAGACGtgcag
TARGETED_TRIM28_SITE_3,gaaaggacgaaacaccgctacGGCGGCTGAGGAAGAAGCGCGTTTAAGAGCTATGCTGGAAACAGCATAGCAAGTTTAAATAAGGCTAGTCCGTTATCAACTTGAAAAAGTGGCACCGAGTCGGTGCttttttCTACGGAGACGtgcag
TARGETED_AFF4_SITE1,gaaaggacgaaacaccgctacGGGGCGGGTTAACGAAGACCGTTTAAGAGCTATGCTGGAAACAGCATAGCAAGTTTAAATAAGGCTAGTCCGTTATCAACTTGAAAAAGTGGCACCGAGTCGGTGCttttttCTACGGAGACGtgcag
TARGETED_AFF4_SITE_2,gaaaggacgaaacaccgctacGTTAACGAAGACCTGGCACCGTTTAAGAGCTATGCTGGAAACAGCATAGCAAGTTTAAATAAGGCTAGTCCGTTATCAACTTGAAAAAGTGGCACCGAGTCGGTGCttttttCTACGGAGACGtgcag
TARGETED_AFF4_SITE_3,gaaaggacgaaacaccgctacCGCTGCGTCAGTCACAGCCCGTTTAAGAGCTATGCTGGAAACAGCATAGCAAGTTTAAATAAGGCTAGTCCGTTATCAACTTGAAAAAGTGGCACCGAGTCGGTGCttttttCTACGGAGACGtgcag
TARGETED_MEN1_SITE1,gaaaggacgaaacaccgctacAGTGTGGGATGTAAGCGCGGGTTTAAGAGCTATGCTGGAAACAGCATAGCAAGTTTAAATAAGGCTAGTCCGTTATCAACTTGAAAAAGTGGCACCGAGTCGGTGCttttttCTACGGAGACGtgcag
TARGETED_MEN1_SITE_2,gaaaggacgaaacaccgctacCGAGGCCAGGACTCTCCTTGGTTTAAGAGCTATGCTGGAAACAGCATAGCAAGTTTAAATAAGGCTAGTCCGTTATCAACTTGAAAAAGTGGCACCGAGTCGGTGCttttttCTACGGAGACGtgcag
TARGETED_MEN1_SITE_3,gaaaggacgaaacaccgctacGGTCAAGCCCCCAAACCCCAGTTTAAGAGCTATGCTGGAAACAGCATAGCAAGTTTAAATAAGGCTAGTCCGTTATCAACTTGAAAAAGTGGCACCGAGTCGGTGCttttttCTACGGAGACGtgcag
TARGETED_KMT2B_SITE1,gaaaggacgaaacaccgctacCTCTCACGGTGCCAAGATGGGTTTAAGAGCTATGCTGGAAACAGCATAGCAAGTTTAAATAAGGCTAGTCCGTTATCAACTTGAAAAAGTGGCACCGAGTCGGTGCttttttCTACGGAGACGtgcag
TARGETED_KMT2B_SITE_2,gaaaggacgaaacaccgctacAGCAGGGCCGTGTCCTCCCCGTTTAAGAGCTATGCTGGAAACAGCATAGCAAGTTTAAATAAGGCTAGTCCGTTATCAACTTGAAAAAGTGGCACCGAGTCGGTGCttttttCTACGGAGACGtgcag
TARGETED_KMT2B_SITE_3,gaaaggacgaaacaccgctacTCACGGTGCCAAGATGGCGGGTTTAAGAGCTATGCTGGAAACAGCATAGCAAGTTTAAATAAGGCTAGTCCGTTATCAACTTGAAAAAGTGGCACCGAGTCGGTGCttttttCTACGGAGACGtgcag
TARGETED_KMT2A_SITE1,gaaaggacgaaacaccgctacACATGGCGCACAGCTGTCGGGTTTAAGAGCTATGCTGGAAACAGCATAGCAAGTTTAAATAAGGCTAGTCCGTTATCAACTTGAAAAAGTGGCACCGAGTCGGTGCttttttCTACGGAGACGtgcag
TARGETED_KMT2A_SITE_2,gaaaggacgaaacaccgctacCCGCGGCCGCCACAGCCGGGGTTTAAGAGCTATGCTGGAAACAGCATAGCAAGTTTAAATAAGGCTAGTCCGTTATCAACTTGAAAAAGTGGCACCGAGTCGGTGCttttttCTACGGAGACGtgcag
TARGETED_KMT2A_SITE_3,gaaaggacgaaacaccgctacGCAGCGGGGCTGGGGTTCCAGTTTAAGAGCTATGCTGGAAACAGCATAGCAAGTTTAAATAAGGCTAGTCCGTTATCAACTTGAAAAAGTGGCACCGAGTCGGTGCttttttCTACGGAGACGtgcag
TARGETED_KMT2D_SITE1,gaaaggacgaaacaccgctacGTCTCAAGTGCAGGAGATGGGTTTAAGAGCTATGCTGGAAACAGCATAGCAAGTTTAAATAAGGCTAGTCCGTTATCAACTTGAAAAAGTGGCACCGAGTCGGTGCttttttCTACGGAGACGtgcag
TARGETED_KMT2D_SITE_2,gaaaggacgaaacaccgctacGGAGTCGCCCTTGTCTCCACGTTTAAGAGCTATGCTGGAAACAGCATAGCAAGTTTAAATAAGGCTAGTCCGTTATCAACTTGAAAAAGTGGCACCGAGTCGGTGCttttttCTACGGAGACGtgcag
TARGETED_KMT2D_SITE_3,gaaaggacgaaacaccgctacGACAGGGGCGATGCTTCAGGGTTTAAGAGCTATGCTGGAAACAGCATAGCAAGTTTAAATAAGGCTAGTCCGTTATCAACTTGAAAAAGTGGCACCGAGTCGGTGCttttttCTACGGAGACGtgcag
TARGETED_WDR82_SITE1,gaaaggacgaaacaccgctacAAATGGCGGACACAATGAGCGTTTAAGAGCTATGCTGGAAACAGCATAGCAAGTTTAAATAAGGCTAGTCCGTTATCAACTTGAAAAAGTGGCACCGAGTCGGTGCttttttCTACGGAGACGtgcag
TARGETED_WDR82_SITE_2,gaaaggacgaaacaccgctacACAGCCACCTCACGGACAACGTTTAAGAGCTATGCTGGAAACAGCATAGCAAGTTTAAATAAGGCTAGTCCGTTATCAACTTGAAAAAGTGGCACCGAGTCGGTGCttttttCTACGGAGACGtgcag
TARGETED_WDR82_SITE_3,gaaaggacgaaacaccgctacACAATGAGCCGGCGACGCGCGTTTAAGAGCTATGCTGGAAACAGCATAGCAAGTTTAAATAAGGCTAGTCCGTTATCAACTTGAAAAAGTGGCACCGAGTCGGTGCttttttCTACGGAGACGtgcag
TARGETED_SETD1B_SITE1,gaaaggacgaaacaccgctacATGTAAGCGCGGCTCGGGGAGTTTAAGAGCTATGCTGGAAACAGCATAGCAAGTTTAAATAAGGCTAGTCCGTTATCAACTTGAAAAAGTGGCACCGAGTCGGTGCttttttCTACGGAGACGtgcag
TARGETED_SETD1B_SITE_2,gaaaggacgaaacaccgctacAGCCGCGCTTACATCCCCGCGTTTAAGAGCTATGCTGGAAACAGCATAGCAAGTTTAAATAAGGCTAGTCCGTTATCAACTTGAAAAAGTGGCACCGAGTCGGTGCttttttCTACGGAGACGtgcag
TARGETED_SETD1B_SITE_3,gaaaggacgaaacaccgctacTCCGCCGCCAGCCGCCTCCCGTTTAAGAGCTATGCTGGAAACAGCATAGCAAGTTTAAATAAGGCTAGTCCGTTATCAACTTGAAAAAGTGGCACCGAGTCGGTGCttttttCTACGGAGACGtgcag
TARGETED_SETD1A_SITE1,gaaaggacgaaacaccgctacGCGTGCGCGGAGACCTGCTGGTTTAAGAGCTATGCTGGAAACAGCATAGCAAGTTTAAATAAGGCTAGTCCGTTATCAACTTGAAAAAGTGGCACCGAGTCGGTGCttttttCTACGGAGACGtgcag
TARGETED_SETD1A_SITE_2,gaaaggacgaaacaccgctacGAGACCCGGCCCCGCAGCGGGTTTAAGAGCTATGCTGGAAACAGCATAGCAAGTTTAAATAAGGCTAGTCCGTTATCAACTTGAAAAAGTGGCACCGAGTCGGTGCttttttCTACGGAGACGtgcag
TARGETED_SETD1A_SITE_3,gaaaggacgaaacaccgctacCGCGAGACCCGGCCCCGCAGGTTTAAGAGCTATGCTGGAAACAGCATAGCAAGTTTAAATAAGGCTAGTCCGTTATCAACTTGAAAAAGTGGCACCGAGTCGGTGCttttttCTACGGAGACGtgcag
TARGETED_CXXC1_SITE1,gaaaggacgaaacaccgctacGCGAACCTGCACAGACCACTGTTTAAGAGCTATGCTGGAAACAGCATAGCAAGTTTAAATAAGGCTAGTCCGTTATCAACTTGAAAAAGTGGCACCGAGTCGGTGCttttttCTACGGAGACGtgcag
TARGETED_CXXC1_SITE_2,gaaaggacgaaacaccgctacAACCTGCACAGACCACTCGGGTTTAAGAGCTATGCTGGAAACAGCATAGCAAGTTTAAATAAGGCTAGTCCGTTATCAACTTGAAAAAGTGGCACCGAGTCGGTGCttttttCTACGGAGACGtgcag
TARGETED_CXXC1_SITE_3,gaaaggacgaaacaccgctacCCACTCGGCGGCGTCCCAGGGTTTAAGAGCTATGCTGGAAACAGCATAGCAAGTTTAAATAAGGCTAGTCCGTTATCAACTTGAAAAAGTGGCACCGAGTCGGTGCttttttCTACGGAGACGtgcag
TARGETED_CHD1_SITE1,gaaaggacgaaacaccgctacGCCGGGGGCAGATAAGCGGAGTTTAAGAGCTATGCTGGAAACAGCATAGCAAGTTTAAATAAGGCTAGTCCGTTATCAACTTGAAAAAGTGGCACCGAGTCGGTGCttttttCTACGGAGACGtgcag
TARGETED_CHD1_SITE_2,gaaaggacgaaacaccgctacTGCCGGGGGCAGATAAGCGGGTTTAAGAGCTATGCTGGAAACAGCATAGCAAGTTTAAATAAGGCTAGTCCGTTATCAACTTGAAAAAGTGGCACCGAGTCGGTGCttttttCTACGGAGACGtgcag
TARGETED_CHD1_SITE_3,gaaaggacgaaacaccgctacTCCCTCCGCTTATCTGCCCCGTTTAAGAGCTATGCTGGAAACAGCATAGCAAGTTTAAATAAGGCTAGTCCGTTATCAACTTGAAAAAGTGGCACCGAGTCGGTGCttttttCTACGGAGACGtgcag
TARGETED_SMARCA5_SITE1,gaaaggacgaaacaccgctacCGGTGGAACCTAGAGCCCCGGTTTAAGAGCTATGCTGGAAACAGCATAGCAAGTTTAAATAAGGCTAGTCCGTTATCAACTTGAAAAAGTGGCACCGAGTCGGTGCttttttCTACGGAGACGtgcag
TARGETED_SMARCA5_SITE_2,gaaaggacgaaacaccgctacCGCGGCGCAGGGGAGCGCTCGTTTAAGAGCTATGCTGGAAACAGCATAGCAAGTTTAAATAAGGCTAGTCCGTTATCAACTTGAAAAAGTGGCACCGAGTCGGTGCttttttCTACGGAGACGtgcag
TARGETED_SMARCA5_SITE_3,gaaaggacgaaacaccgctacGTCGCGGAGGCGCGGCGCAGGTTTAAGAGCTATGCTGGAAACAGCATAGCAAGTTTAAATAAGGCTAGTCCGTTATCAACTTGAAAAAGTGGCACCGAGTCGGTGCttttttCTACGGAGACGtgcag
TARGETED_ARID1A_SITE1,gaaaggacgaaacaccgctacAAGCCCTTGCCTGGGAATGAGTTTAAGAGCTATGCTGGAAACAGCATAGCAAGTTTAAATAAGGCTAGTCCGTTATCAACTTGAAAAAGTGGCACCGAGTCGGTGCttttttCTACGGAGACGtgcag
TARGETED_ARID1A_SITE_2,gaaaggacgaaacaccgctacGCCCTTGCCTGGGAATGAGGGTTTAAGAGCTATGCTGGAAACAGCATAGCAAGTTTAAATAAGGCTAGTCCGTTATCAACTTGAAAAAGTGGCACCGAGTCGGTGCttttttCTACGGAGACGtgcag
TARGETED_ARID1A_SITE_3,gaaaggacgaaacaccgctacCCACCGCCCCCCTCATTCCCGTTTAAGAGCTATGCTGGAAACAGCATAGCAAGTTTAAATAAGGCTAGTCCGTTATCAACTTGAAAAAGTGGCACCGAGTCGGTGCttttttCTACGGAGACGtgcag
TARGETED_ARID1B_SITE1,gaaaggacgaaacaccgctacGCCATGTTGAGTTCGTGACGGTTTAAGAGCTATGCTGGAAACAGCATAGCAAGTTTAAATAAGGCTAGTCCGTTATCAACTTGAAAAAGTGGCACCGAGTCGGTGCttttttCTACGGAGACGtgcag
TARGETED_ARID1B_SITE_2,gaaaggacgaaacaccgctacGGCAGGCAGCGGCGAACGGCGTTTAAGAGCTATGCTGGAAACAGCATAGCAAGTTTAAATAAGGCTAGTCCGTTATCAACTTGAAAAAGTGGCACCGAGTCGGTGCttttttCTACGGAGACGtgcag
TARGETED_ARID1B_SITE_3,gaaaggacgaaacaccgctacGGGCAGGCAGCGGCGAACGGGTTTAAGAGCTATGCTGGAAACAGCATAGCAAGTTTAAATAAGGCTAGTCCGTTATCAACTTGAAAAAGTGGCACCGAGTCGGTGCttttttCTACGGAGACGtgcag
TARGETED_RUVBL1_SITE1,gaaaggacgaaacaccgctacTAACGGCCGCATGGTAACTCGTTTAAGAGCTATGCTGGAAACAGCATAGCAAGTTTAAATAAGGCTAGTCCGTTATCAACTTGAAAAAGTGGCACCGAGTCGGTGCttttttCTACGGAGACGtgcag
TARGETED_RUVBL1_SITE_2,gaaaggacgaaacaccgctacTTACCATGCGGCCGTTACTAGTTTAAGAGCTATGCTGGAAACAGCATAGCAAGTTTAAATAAGGCTAGTCCGTTATCAACTTGAAAAAGTGGCACCGAGTCGGTGCttttttCTACGGAGACGtgcag
TARGETED_RUVBL1_SITE_3,gaaaggacgaaacaccgctacAGCGTGGAAAACCAGCAGCTGTTTAAGAGCTATGCTGGAAACAGCATAGCAAGTTTAAATAAGGCTAGTCCGTTATCAACTTGAAAAAGTGGCACCGAGTCGGTGCttttttCTACGGAGACGtgcag
TARGETED_RUVBL2_SITE1,gaaaggacgaaacaccgctacATGGCAACCGTTGTAAGTGTGTTTAAGAGCTATGCTGGAAACAGCATAGCAAGTTTAAATAAGGCTAGTCCGTTATCAACTTGAAAAAGTGGCACCGAGTCGGTGCttttttCTACGGAGACGtgcag
TARGETED_RUVBL2_SITE_2,gaaaggacgaaacaccgctacTTGTAAGTGTGGGTGCATGGGTTTAAGAGCTATGCTGGAAACAGCATAGCAAGTTTAAATAAGGCTAGTCCGTTATCAACTTGAAAAAGTGGCACCGAGTCGGTGCttttttCTACGGAGACGtgcag
TARGETED_RUVBL2_SITE_3,gaaaggacgaaacaccgctacTGTAAGTGTGGGTGCATGGAGTTTAAGAGCTATGCTGGAAACAGCATAGCAAGTTTAAATAAGGCTAGTCCGTTATCAACTTGAAAAAGTGGCACCGAGTCGGTGCttttttCTACGGAGACGtgcag
TARGETED_SMARCB1_SITE1,gaaaggacgaaacaccgctacTCCTCCAGCTGGAACTTCACGTTTAAGAGCTATGCTGGAAACAGCATAGCAAGTTTAAATAAGGCTAGTCCGTTATCAACTTGAAAAAGTGGCACCGAGTCGGTGCttttttCTACGGAGACGtgcag
TARGETED_SMARCB1_SITE_2,gaaaggacgaaacaccgctacTGGCGCTGAGCAAGACCTTCGTTTAAGAGCTATGCTGGAAACAGCATAGCAAGTTTAAATAAGGCTAGTCCGTTATCAACTTGAAAAAGTGGCACCGAGTCGGTGCttttttCTACGGAGACGtgcag
TARGETED_SMARCB1_SITE_3,gaaaggacgaaacaccgctacCCAGGCCGCCCTCAGTGCGCGTTTAAGAGCTATGCTGGAAACAGCATAGCAAGTTTAAATAAGGCTAGTCCGTTATCAACTTGAAAAAGTGGCACCGAGTCGGTGCttttttCTACGGAGACGtgcag
TARGETED_INO80B_SITE1,gaaaggacgaaacaccgctacAGGACCTCATGAGTAAGCTGGTTTAAGAGCTATGCTGGAAACAGCATAGCAAGTTTAAATAAGGCTAGTCCGTTATCAACTTGAAAAAGTGGCACCGAGTCGGTGCttttttCTACGGAGACGtgcag
TARGETED_INO80B_SITE_2,gaaaggacgaaacaccgctacGCGGCGTGGGAGCACCTCTGGTTTAAGAGCTATGCTGGAAACAGCATAGCAAGTTTAAATAAGGCTAGTCCGTTATCAACTTGAAAAAGTGGCACCGAGTCGGTGCttttttCTACGGAGACGtgcag
TARGETED_INO80B_SITE_3,gaaaggacgaaacaccgctacACCTCATGAGTAAGCTGTGGGTTTAAGAGCTATGCTGGAAACAGCATAGCAAGTTTAAATAAGGCTAGTCCGTTATCAACTTGAAAAAGTGGCACCGAGTCGGTGCttttttCTACGGAGACGtgcag
TARGETED_SMARCA4_SITE1,gaaaggacgaaacaccgctacTCCATTCAAACCGCCCTCCCGTTTAAGAGCTATGCTGGAAACAGCATAGCAAGTTTAAATAAGGCTAGTCCGTTATCAACTTGAAAAAGTGGCACCGAGTCGGTGCttttttCTACGGAGACGtgcag
TARGETED_SMARCA4_SITE_2,gaaaggacgaaacaccgctacCCGTACCCCGGCCCCGCACAGTTTAAGAGCTATGCTGGAAACAGCATAGCAAGTTTAAATAAGGCTAGTCCGTTATCAACTTGAAAAAGTGGCACCGAGTCGGTGCttttttCTACGGAGACGtgcag
TARGETED_SMARCA4_SITE_3,gaaaggacgaaacaccgctacCCGCCGCCGCCGCCAAACGAGTTTAAGAGCTATGCTGGAAACAGCATAGCAAGTTTAAATAAGGCTAGTCCGTTATCAACTTGAAAAAGTGGCACCGAGTCGGTGCttttttCTACGGAGACGtgcag
TARGETED_SMARCAD1_SITE1,gaaaggacgaaacaccgctacCAGAGGTGGAGTGCATGCTAGTTTAAGAGCTATGCTGGAAACAGCATAGCAAGTTTAAATAAGGCTAGTCCGTTATCAACTTGAAAAAGTGGCACCGAGTCGGTGCttttttCTACGGAGACGtgcag
TARGETED_SMARCAD1_SITE_2,gaaaggacgaaacaccgctacCGGGACCTTCCAAAACACCAGTTTAAGAGCTATGCTGGAAACAGCATAGCAAGTTTAAATAAGGCTAGTCCGTTATCAACTTGAAAAAGTGGCACCGAGTCGGTGCttttttCTACGGAGACGtgcag
TARGETED_SMARCAD1_SITE_3,gaaaggacgaaacaccgctacGCGCTCTTAAGGTTTCTCCGGTTTAAGAGCTATGCTGGAAACAGCATAGCAAGTTTAAATAAGGCTAGTCCGTTATCAACTTGAAAAAGTGGCACCGAGTCGGTGCttttttCTACGGAGACGtgcag
TARGETED_SMARCA1_SITE1,gaaaggacgaaacaccgctacGAAAGAGCTAGATGGAGCAGGTTTAAGAGCTATGCTGGAAACAGCATAGCAAGTTTAAATAAGGCTAGTCCGTTATCAACTTGAAAAAGTGGCACCGAGTCGGTGCttttttCTACGGAGACGtgcag
TARGETED_SMARCA1_SITE_2,gaaaggacgaaacaccgctacCTGCACTGGAAAGAGCTAGAGTTTAAGAGCTATGCTGGAAACAGCATAGCAAGTTTAAATAAGGCTAGTCCGTTATCAACTTGAAAAAGTGGCACCGAGTCGGTGCttttttCTACGGAGACGtgcag
TARGETED_SMARCA1_SITE_3,gaaaggacgaaacaccgctacAGGGGACGAGGGCTCCTGGGGTTTAAGAGCTATGCTGGAAACAGCATAGCAAGTTTAAATAAGGCTAGTCCGTTATCAACTTGAAAAAGTGGCACCGAGTCGGTGCttttttCTACGGAGACGtgcag
TARGETED_SMARCC1_SITE1,gaaaggacgaaacaccgctacACGACCGGGAAACACCGCGAGTTTAAGAGCTATGCTGGAAACAGCATAGCAAGTTTAAATAAGGCTAGTCCGTTATCAACTTGAAAAAGTGGCACCGAGTCGGTGCttttttCTACGGAGACGtgcag
TARGETED_SMARCC1_SITE_2,gaaaggacgaaacaccgctacGGGTGCGCGCGGGAACGACCGTTTAAGAGCTATGCTGGAAACAGCATAGCAAGTTTAAATAAGGCTAGTCCGTTATCAACTTGAAAAAGTGGCACCGAGTCGGTGCttttttCTACGGAGACGtgcag
TARGETED_SMARCC1_SITE_3,gaaaggacgaaacaccgctacGGGCCGGGAAGCGGCAGTGGGTTTAAGAGCTATGCTGGAAACAGCATAGCAAGTTTAAATAAGGCTAGTCCGTTATCAACTTGAAAAAGTGGCACCGAGTCGGTGCttttttCTACGGAGACGtgcag
TARGETED_SMARCD2_SITE1,gaaaggacgaaacaccgctacCCGCCGCCAGGGCTTAGCGGGTTTAAGAGCTATGCTGGAAACAGCATAGCAAGTTTAAATAAGGCTAGTCCGTTATCAACTTGAAAAAGTGGCACCGAGTCGGTGCttttttCTACGGAGACGtgcag
TARGETED_SMARCD2_SITE_2,gaaaggacgaaacaccgctacCCGCTGCCCCCGCTAAGCCCGTTTAAGAGCTATGCTGGAAACAGCATAGCAAGTTTAAATAAGGCTAGTCCGTTATCAACTTGAAAAAGTGGCACCGAGTCGGTGCttttttCTACGGAGACGtgcag
TARGETED_SMARCD2_SITE_3,gaaaggacgaaacaccgctacGCGATGTCGGGCCGAGGCGCGTTTAAGAGCTATGCTGGAAACAGCATAGCAAGTTTAAATAAGGCTAGTCCGTTATCAACTTGAAAAAGTGGCACCGAGTCGGTGCttttttCTACGGAGACGtgcag
TARGETED_SMARCE1_SITE1,gaaaggacgaaacaccgctacCCAAGTGGGACGGACCGGGTGTTTAAGAGCTATGCTGGAAACAGCATAGCAAGTTTAAATAAGGCTAGTCCGTTATCAACTTGAAAAAGTGGCACCGAGTCGGTGCttttttCTACGGAGACGtgcag
TARGETED_SMARCE1_SITE_2,gaaaggacgaaacaccgctacACTTGGAAACACTCACCCGCGTTTAAGAGCTATGCTGGAAACAGCATAGCAAGTTTAAATAAGGCTAGTCCGTTATCAACTTGAAAAAGTGGCACCGAGTCGGTGCttttttCTACGGAGACGtgcag
TARGETED_SMARCE1_SITE_3,gaaaggacgaaacaccgctacCACTTGGAAACACTCACCCGGTTTAAGAGCTATGCTGGAAACAGCATAGCAAGTTTAAATAAGGCTAGTCCGTTATCAACTTGAAAAAGTGGCACCGAGTCGGTGCttttttCTACGGAGACGtgcag
TARGETED_BRD9_SITE1,gaaaggacgaaacaccgctacGGGCGGCCAGCCAGGGCCAGGTTTAAGAGCTATGCTGGAAACAGCATAGCAAGTTTAAATAAGGCTAGTCCGTTATCAACTTGAAAAAGTGGCACCGAGTCGGTGCttttttCTACGGAGACGtgcag
TARGETED_BRD9_SITE_2,gaaaggacgaaacaccgctacAACCTCGGCGCAGCGAGCGCGTTTAAGAGCTATGCTGGAAACAGCATAGCAAGTTTAAATAAGGCTAGTCCGTTATCAACTTGAAAAAGTGGCACCGAGTCGGTGCttttttCTACGGAGACGtgcag
TARGETED_BRD9_SITE_3,gaaaggacgaaacaccgctacGGCGGCCAGCCAGGGCCAGGGTTTAAGAGCTATGCTGGAAACAGCATAGCAAGTTTAAATAAGGCTAGTCCGTTATCAACTTGAAAAAGTGGCACCGAGTCGGTGCttttttCTACGGAGACGtgcag
TARGETED_SMARCD1_SITE1,gaaaggacgaaacaccgctacGGGAACAGGCGGGCGCTCGGGTTTAAGAGCTATGCTGGAAACAGCATAGCAAGTTTAAATAAGGCTAGTCCGTTATCAACTTGAAAAAGTGGCACCGAGTCGGTGCttttttCTACGGAGACGtgcag
TARGETED_SMARCD1_SITE_2,gaaaggacgaaacaccgctacGCTCAGGGCAGCGAGACTATGTTTAAGAGCTATGCTGGAAACAGCATAGCAAGTTTAAATAAGGCTAGTCCGTTATCAACTTGAAAAAGTGGCACCGAGTCGGTGCttttttCTACGGAGACGtgcag
TARGETED_SMARCD1_SITE_3,gaaaggacgaaacaccgctacCGAGCGCCCGCCTGTTCCCCGTTTAAGAGCTATGCTGGAAACAGCATAGCAAGTTTAAATAAGGCTAGTCCGTTATCAACTTGAAAAAGTGGCACCGAGTCGGTGCttttttCTACGGAGACGtgcag
TARGETED_GTF2A1_SITE1,gaaaggacgaaacaccgctacGCGCAGGGAGCGGTGACCGGGTTTAAGAGCTATGCTGGAAACAGCATAGCAAGTTTAAATAAGGCTAGTCCGTTATCAACTTGAAAAAGTGGCACCGAGTCGGTGCttttttCTACGGAGACGtgcag
TARGETED_GTF2A1_SITE_2,gaaaggacgaaacaccgctacCCAAGGAGGGAAACCACCACGTTTAAGAGCTATGCTGGAAACAGCATAGCAAGTTTAAATAAGGCTAGTCCGTTATCAACTTGAAAAAGTGGCACCGAGTCGGTGCttttttCTACGGAGACGtgcag
TARGETED_GTF2A1_SITE_3,gaaaggacgaaacaccgctacTCCCCACCCCGCGCCAAGGAGTTTAAGAGCTATGCTGGAAACAGCATAGCAAGTTTAAATAAGGCTAGTCCGTTATCAACTTGAAAAAGTGGCACCGAGTCGGTGCttttttCTACGGAGACGtgcag
TARGETED_GTF2A2_SITE1,gaaaggacgaaacaccgctacGGAGAGGTGGTCGGAGAAGTGTTTAAGAGCTATGCTGGAAACAGCATAGCAAGTTTAAATAAGGCTAGTCCGTTATCAACTTGAAAAAGTGGCACCGAGTCGGTGCttttttCTACGGAGACGtgcag
TARGETED_GTF2A2_SITE_2,gaaaggacgaaacaccgctacGAGAAGTAGGAACCTCCTGCGTTTAAGAGCTATGCTGGAAACAGCATAGCAAGTTTAAATAAGGCTAGTCCGTTATCAACTTGAAAAAGTGGCACCGAGTCGGTGCttttttCTACGGAGACGtgcag
TARGETED_GTF2A2_SITE_3,gaaaggacgaaacaccgctacGCGGCGGCTGGAGAGGTGGTGTTTAAGAGCTATGCTGGAAACAGCATAGCAAGTTTAAATAAGGCTAGTCCGTTATCAACTTGAAAAAGTGGCACCGAGTCGGTGCttttttCTACGGAGACGtgcag
TARGETED_POLR2A_SITE1,gaaaggacgaaacaccgctacAGAAGAAGGCGGCTCCCGGAGTTTAAGAGCTATGCTGGAAACAGCATAGCAAGTTTAAATAAGGCTAGTCCGTTATCAACTTGAAAAAGTGGCACCGAGTCGGTGCttttttCTACGGAGACGtgcag
TARGETED_POLR2A_SITE_2,gaaaggacgaaacaccgctacGGGACGGTTGGAGAAGAAGGGTTTAAGAGCTATGCTGGAAACAGCATAGCAAGTTTAAATAAGGCTAGTCCGTTATCAACTTGAAAAAGTGGCACCGAGTCGGTGCttttttCTACGGAGACGtgcag
TARGETED_POLR2A_SITE_3,gaaaggacgaaacaccgctacAGTTTGTCTCTCCCCCTTCCGTTTAAGAGCTATGCTGGAAACAGCATAGCAAGTTTAAATAAGGCTAGTCCGTTATCAACTTGAAAAAGTGGCACCGAGTCGGTGCttttttCTACGGAGACGtgcag
TARGETED_POLR2C_SITE1,gaaaggacgaaacaccgctacAGCTCCGTGATCCGCACGGTGTTTAAGAGCTATGCTGGAAACAGCATAGCAAGTTTAAATAAGGCTAGTCCGTTATCAACTTGAAAAAGTGGCACCGAGTCGGTGCttttttCTACGGAGACGtgcag
TARGETED_POLR2C_SITE_2,gaaaggacgaaacaccgctacACGCCAACCAGCCTACCGTGGTTTAAGAGCTATGCTGGAAACAGCATAGCAAGTTTAAATAAGGCTAGTCCGTTATCAACTTGAAAAAGTGGCACCGAGTCGGTGCttttttCTACGGAGACGtgcag
TARGETED_POLR2C_SITE_3,gaaaggacgaaacaccgctacACGGTAGGCTGGTTGGCGTAGTTTAAGAGCTATGCTGGAAACAGCATAGCAAGTTTAAATAAGGCTAGTCCGTTATCAACTTGAAAAAGTGGCACCGAGTCGGTGCttttttCTACGGAGACGtgcag
TARGETED_HDAC3_SITE1,gaaaggacgaaacaccgctacTATTTCTACGACCCCGACGTGTTTAAGAGCTATGCTGGAAACAGCATAGCAAGTTTAAATAAGGCTAGTCCGTTATCAACTTGAAAAAGTGGCACCGAGTCGGTGCttttttCTACGGAGACGtgcag
TARGETED_HDAC3_SITE_2,gaaaggacgaaacaccgctacGTAGAAATAGGCCACGGTCTGTTTAAGAGCTATGCTGGAAACAGCATAGCAAGTTTAAATAAGGCTAGTCCGTTATCAACTTGAAAAAGTGGCACCGAGTCGGTGCttttttCTACGGAGACGtgcag
TARGETED_HDAC3_SITE_3,gaaaggacgaaacaccgctacGGGGTCGTAGAAATAGGCCAGTTTAAGAGCTATGCTGGAAACAGCATAGCAAGTTTAAATAAGGCTAGTCCGTTATCAACTTGAAAAAGTGGCACCGAGTCGGTGCttttttCTACGGAGACGtgcag
TARGETED_HDAC7_SITE1,gaaaggacgaaacaccgctacCACATCCCCCCAGTCGCCGGGTTTAAGAGCTATGCTGGAAACAGCATAGCAAGTTTAAATAAGGCTAGTCCGTTATCAACTTGAAAAAGTGGCACCGAGTCGGTGCttttttCTACGGAGACGtgcag
TARGETED_HDAC7_SITE_2,gaaaggacgaaacaccgctacGCTGCAGAGCGACTGTGAGAGTTTAAGAGCTATGCTGGAAACAGCATAGCAAGTTTAAATAAGGCTAGTCCGTTATCAACTTGAAAAAGTGGCACCGAGTCGGTGCttttttCTACGGAGACGtgcag
TARGETED_HDAC7_SITE_3,gaaaggacgaaacaccgctacCCTCACATCCCCCCAGTCGCGTTTAAGAGCTATGCTGGAAACAGCATAGCAAGTTTAAATAAGGCTAGTCCGTTATCAACTTGAAAAAGTGGCACCGAGTCGGTGCttttttCTACGGAGACGtgcag
TARGETED_HDAC4_SITE1,gaaaggacgaaacaccgctacGAAGCATCATGGTTCAACGTGTTTAAGAGCTATGCTGGAAACAGCATAGCAAGTTTAAATAAGGCTAGTCCGTTATCAACTTGAAAAAGTGGCACCGAGTCGGTGCttttttCTACGGAGACGtgcag
TARGETED_HDAC4_SITE_2,gaaaggacgaaacaccgctacATCGCCGCCTGGCTCGACGCGTTTAAGAGCTATGCTGGAAACAGCATAGCAAGTTTAAATAAGGCTAGTCCGTTATCAACTTGAAAAAGTGGCACCGAGTCGGTGCttttttCTACGGAGACGtgcag
TARGETED_HDAC4_SITE_3,gaaaggacgaaacaccgctacTGGAGTGGGGAGAAGCATCAGTTTAAGAGCTATGCTGGAAACAGCATAGCAAGTTTAAATAAGGCTAGTCCGTTATCAACTTGAAAAAGTGGCACCGAGTCGGTGCttttttCTACGGAGACGtgcag
TARGETED_CHD1L_SITE1,gaaaggacgaaacaccgctacGCGCGGGCGCTACTAGCCGCGTTTAAGAGCTATGCTGGAAACAGCATAGCAAGTTTAAATAAGGCTAGTCCGTTATCAACTTGAAAAAGTGGCACCGAGTCGGTGCttttttCTACGGAGACGtgcag
TARGETED_CHD1L_SITE_2,gaaaggacgaaacaccgctacACCGGCCCGATGGAGCGCGCGTTTAAGAGCTATGCTGGAAACAGCATAGCAAGTTTAAATAAGGCTAGTCCGTTATCAACTTGAAAAAGTGGCACCGAGTCGGTGCttttttCTACGGAGACGtgcag
TARGETED_CHD1L_SITE_3,gaaaggacgaaacaccgctacAAGCCGCAGTAAGAAGCCAGGTTTAAGAGCTATGCTGGAAACAGCATAGCAAGTTTAAATAAGGCTAGTCCGTTATCAACTTGAAAAAGTGGCACCGAGTCGGTGCttttttCTACGGAGACGtgcag
TARGETED_EP300_SITE1,gaaaggacgaaacaccgctacAGAGTGGGCAAGCAGGACGCGTTTAAGAGCTATGCTGGAAACAGCATAGCAAGTTTAAATAAGGCTAGTCCGTTATCAACTTGAAAAAGTGGCACCGAGTCGGTGCttttttCTACGGAGACGtgcag
TARGETED_EP300_SITE_2,gaaaggacgaaacaccgctacAGCCTAGCACACAAACAAGAGTTTAAGAGCTATGCTGGAAACAGCATAGCAAGTTTAAATAAGGCTAGTCCGTTATCAACTTGAAAAAGTGGCACCGAGTCGGTGCttttttCTACGGAGACGtgcag
TARGETED_EP300_SITE_3,gaaaggacgaaacaccgctacGCTAGGCTGGGGGGGAGAGAGTTTAAGAGCTATGCTGGAAACAGCATAGCAAGTTTAAATAAGGCTAGTCCGTTATCAACTTGAAAAAGTGGCACCGAGTCGGTGCttttttCTACGGAGACGtgcag
TARGETED_CREBBP_SITE1,gaaaggacgaaacaccgctacGGCTTCGAGCGCGATCTACTGTTTAAGAGCTATGCTGGAAACAGCATAGCAAGTTTAAATAAGGCTAGTCCGTTATCAACTTGAAAAAGTGGCACCGAGTCGGTGCttttttCTACGGAGACGtgcag
TARGETED_CREBBP_SITE_2,gaaaggacgaaacaccgctacCGGTCGGGTCCGCGACAAGAGTTTAAGAGCTATGCTGGAAACAGCATAGCAAGTTTAAATAAGGCTAGTCCGTTATCAACTTGAAAAAGTGGCACCGAGTCGGTGCttttttCTACGGAGACGtgcag
TARGETED_CREBBP_SITE_3,gaaaggacgaaacaccgctacGTAGATCGCGCTCGAAGCCCGTTTAAGAGCTATGCTGGAAACAGCATAGCAAGTTTAAATAAGGCTAGTCCGTTATCAACTTGAAAAAGTGGCACCGAGTCGGTGCttttttCTACGGAGACGtgcag
TARGETED_EP400_SITE1,gaaaggacgaaacaccgctacATCCTCCCGCCCTCCTGACGGTTTAAGAGCTATGCTGGAAACAGCATAGCAAGTTTAAATAAGGCTAGTCCGTTATCAACTTGAAAAAGTGGCACCGAGTCGGTGCttttttCTACGGAGACGtgcag
TARGETED_EP400_SITE_2,gaaaggacgaaacaccgctacGCGCTCCGGCCGCGTCAGGAGTTTAAGAGCTATGCTGGAAACAGCATAGCAAGTTTAAATAAGGCTAGTCCGTTATCAACTTGAAAAAGTGGCACCGAGTCGGTGCttttttCTACGGAGACGtgcag
TARGETED_EP400_SITE_3,gaaaggacgaaacaccgctacTGGGCCTCAGGGCTGCGCTCGTTTAAGAGCTATGCTGGAAACAGCATAGCAAGTTTAAATAAGGCTAGTCCGTTATCAACTTGAAAAAGTGGCACCGAGTCGGTGCttttttCTACGGAGACGtgcag
TARGETED_KAT2A_SITE1,gaaaggacgaaacaccgctacTGGTTGCCCATGCGGCCCTAGTTTAAGAGCTATGCTGGAAACAGCATAGCAAGTTTAAATAAGGCTAGTCCGTTATCAACTTGAAAAAGTGGCACCGAGTCGGTGCttttttCTACGGAGACGtgcag
TARGETED_KAT2A_SITE_2,gaaaggacgaaacaccgctacTCCCAGCCCTAGGGCCGCATGTTTAAGAGCTATGCTGGAAACAGCATAGCAAGTTTAAATAAGGCTAGTCCGTTATCAACTTGAAAAAGTGGCACCGAGTCGGTGCttttttCTACGGAGACGtgcag
TARGETED_KAT2A_SITE_3,gaaaggacgaaacaccgctacGCGCCGCGCTCCCAGCCCTAGTTTAAGAGCTATGCTGGAAACAGCATAGCAAGTTTAAATAAGGCTAGTCCGTTATCAACTTGAAAAAGTGGCACCGAGTCGGTGCttttttCTACGGAGACGtgcag
TARGETED_KAT2B_SITE1,gaaaggacgaaacaccgctacCCGACTACCAGAGCCCGAGAGTTTAAGAGCTATGCTGGAAACAGCATAGCAAGTTTAAATAAGGCTAGTCCGTTATCAACTTGAAAAAGTGGCACCGAGTCGGTGCttttttCTACGGAGACGtgcag
TARGETED_KAT2B_SITE_2,gaaaggacgaaacaccgctacCAGCCTCGGACATGCCGCCCGTTTAAGAGCTATGCTGGAAACAGCATAGCAAGTTTAAATAAGGCTAGTCCGTTATCAACTTGAAAAAGTGGCACCGAGTCGGTGCttttttCTACGGAGACGtgcag
TARGETED_KAT2B_SITE_3,gaaaggacgaaacaccgctacCGGCGGCGGCGCCTGACACTGTTTAAGAGCTATGCTGGAAACAGCATAGCAAGTTTAAATAAGGCTAGTCCGTTATCAACTTGAAAAAGTGGCACCGAGTCGGTGCttttttCTACGGAGACGtgcag
TARGETED_INTS1_SITE1,gaaaggacgaaacaccgctacGGCCGCGGCTCACTTACCTCGTTTAAGAGCTATGCTGGAAACAGCATAGCAAGTTTAAATAAGGCTAGTCCGTTATCAACTTGAAAAAGTGGCACCGAGTCGGTGCttttttCTACGGAGACGtgcag
TARGETED_INTS1_SITE_2,gaaaggacgaaacaccgctacTACCTCTGGCCCATCGCGACGTTTAAGAGCTATGCTGGAAACAGCATAGCAAGTTTAAATAAGGCTAGTCCGTTATCAACTTGAAAAAGTGGCACCGAGTCGGTGCttttttCTACGGAGACGtgcag
TARGETED_INTS1_SITE_3,gaaaggacgaaacaccgctacCCGGCAATGAGGAAGCGCCCGTTTAAGAGCTATGCTGGAAACAGCATAGCAAGTTTAAATAAGGCTAGTCCGTTATCAACTTGAAAAAGTGGCACCGAGTCGGTGCttttttCTACGGAGACGtgcag
TARGETED_INTS4_SITE1,gaaaggacgaaacaccgctacAGCTGAGAGGGCCCGCGGGTGTTTAAGAGCTATGCTGGAAACAGCATAGCAAGTTTAAATAAGGCTAGTCCGTTATCAACTTGAAAAAGTGGCACCGAGTCGGTGCttttttCTACGGAGACGtgcag
TARGETED_INTS4_SITE_2,gaaaggacgaaacaccgctacAAAGTGGTTCAGGTAAGCTCGTTTAAGAGCTATGCTGGAAACAGCATAGCAAGTTTAAATAAGGCTAGTCCGTTATCAACTTGAAAAAGTGGCACCGAGTCGGTGCttttttCTACGGAGACGtgcag
TARGETED_INTS4_SITE_3,gaaaggacgaaacaccgctacGGGCCCGCGGGTAGGCATGGGTTTAAGAGCTATGCTGGAAACAGCATAGCAAGTTTAAATAAGGCTAGTCCGTTATCAACTTGAAAAAGTGGCACCGAGTCGGTGCttttttCTACGGAGACGtgcag
TARGETED_INTS2_SITE1,gaaaggacgaaacaccgctacTTCCTCTCAGACCAGTACGGGTTTAAGAGCTATGCTGGAAACAGCATAGCAAGTTTAAATAAGGCTAGTCCGTTATCAACTTGAAAAAGTGGCACCGAGTCGGTGCttttttCTACGGAGACGtgcag
TARGETED_INTS2_SITE_2,gaaaggacgaaacaccgctacCAGACGCTGGGGATGAATGAGTTTAAGAGCTATGCTGGAAACAGCATAGCAAGTTTAAATAAGGCTAGTCCGTTATCAACTTGAAAAAGTGGCACCGAGTCGGTGCttttttCTACGGAGACGtgcag
TARGETED_INTS2_SITE_3,gaaaggacgaaacaccgctacGCCGACGGGAGTCAGACGCTGTTTAAGAGCTATGCTGGAAACAGCATAGCAAGTTTAAATAAGGCTAGTCCGTTATCAACTTGAAAAAGTGGCACCGAGTCGGTGCttttttCTACGGAGACGtgcag
TARGETED_INTS5_SITE1,gaaaggacgaaacaccgctacTACCTCGAGAACTCACGTCAGTTTAAGAGCTATGCTGGAAACAGCATAGCAAGTTTAAATAAGGCTAGTCCGTTATCAACTTGAAAAAGTGGCACCGAGTCGGTGCttttttCTACGGAGACGtgcag
TARGETED_INTS5_SITE_2,gaaaggacgaaacaccgctacGTCGCACAGCGCGGACATCCGTTTAAGAGCTATGCTGGAAACAGCATAGCAAGTTTAAATAAGGCTAGTCCGTTATCAACTTGAAAAAGTGGCACCGAGTCGGTGCttttttCTACGGAGACGtgcag
TARGETED_INTS5_SITE_3,gaaaggacgaaacaccgctacAGGCGCGAGCGGCGGAGCGCGTTTAAGAGCTATGCTGGAAACAGCATAGCAAGTTTAAATAAGGCTAGTCCGTTATCAACTTGAAAAAGTGGCACCGAGTCGGTGCttttttCTACGGAGACGtgcag
TARGETED_NELFA_SITE1,gaaaggacgaaacaccgctacTCCATGCGGGAGAGCGACACGTTTAAGAGCTATGCTGGAAACAGCATAGCAAGTTTAAATAAGGCTAGTCCGTTATCAACTTGAAAAAGTGGCACCGAGTCGGTGCttttttCTACGGAGACGtgcag
TARGETED_NELFA_SITE_2,gaaaggacgaaacaccgctacGTCCATGCGGGAGAGCGACAGTTTAAGAGCTATGCTGGAAACAGCATAGCAAGTTTAAATAAGGCTAGTCCGTTATCAACTTGAAAAAGTGGCACCGAGTCGGTGCttttttCTACGGAGACGtgcag
TARGETED_NELFA_SITE_3,gaaaggacgaaacaccgctacGTGGCTGCACAACAAGCTGGGTTTAAGAGCTATGCTGGAAACAGCATAGCAAGTTTAAATAAGGCTAGTCCGTTATCAACTTGAAAAAGTGGCACCGAGTCGGTGCttttttCTACGGAGACGtgcag
TARGETED_NELFB_SITE1,gaaaggacgaaacaccgctacGGAGACCCTGACCAACTGCAGTTTAAGAGCTATGCTGGAAACAGCATAGCAAGTTTAAATAAGGCTAGTCCGTTATCAACTTGAAAAAGTGGCACCGAGTCGGTGCttttttCTACGGAGACGtgcag
TARGETED_NELFB_SITE_2,gaaaggacgaaacaccgctacCGGGACCTGGCCGAGCTGGAGTTTAAGAGCTATGCTGGAAACAGCATAGCAAGTTTAAATAAGGCTAGTCCGTTATCAACTTGAAAAAGTGGCACCGAGTCGGTGCttttttCTACGGAGACGtgcag
TARGETED_NELFB_SITE_3,gaaaggacgaaacaccgctacGCGGGACCTGGCCGAGCTGGGTTTAAGAGCTATGCTGGAAACAGCATAGCAAGTTTAAATAAGGCTAGTCCGTTATCAACTTGAAAAAGTGGCACCGAGTCGGTGCttttttCTACGGAGACGtgcag
TARGETED_SUPT4H1_SITE1,gaaaggacgaaacaccgctacGACCAGCGAACACAGCAAACGTTTAAGAGCTATGCTGGAAACAGCATAGCAAGTTTAAATAAGGCTAGTCCGTTATCAACTTGAAAAAGTGGCACCGAGTCGGTGCttttttCTACGGAGACGtgcag
TARGETED_SUPT4H1_SITE_2,gaaaggacgaaacaccgctacAACAGGCCCGCAGATGCCGCGTTTAAGAGCTATGCTGGAAACAGCATAGCAAGTTTAAATAAGGCTAGTCCGTTATCAACTTGAAAAAGTGGCACCGAGTCGGTGCttttttCTACGGAGACGtgcag
TARGETED_SUPT4H1_SITE_3,gaaaggacgaaacaccgctacGGCGAAGATGGCCCTGGAGAGTTTAAGAGCTATGCTGGAAACAGCATAGCAAGTTTAAATAAGGCTAGTCCGTTATCAACTTGAAAAAGTGGCACCGAGTCGGTGCttttttCTACGGAGACGtgcag
TARGETED_NELFE_SITE1,gaaaggacgaaacaccgctacAGCAGAGGGCCTTACCCGAGGTTTAAGAGCTATGCTGGAAACAGCATAGCAAGTTTAAATAAGGCTAGTCCGTTATCAACTTGAAAAAGTGGCACCGAGTCGGTGCttttttCTACGGAGACGtgcag
TARGETED_NELFE_SITE_2,gaaaggacgaaacaccgctacAAGCAGAGGGCCTTACCCGAGTTTAAGAGCTATGCTGGAAACAGCATAGCAAGTTTAAATAAGGCTAGTCCGTTATCAACTTGAAAAAGTGGCACCGAGTCGGTGCttttttCTACGGAGACGtgcag
TARGETED_NELFE_SITE_3,gaaaggacgaaacaccgctacGAAGCAGAGGGCCTTACCCGGTTTAAGAGCTATGCTGGAAACAGCATAGCAAGTTTAAATAAGGCTAGTCCGTTATCAACTTGAAAAAGTGGCACCGAGTCGGTGCttttttCTACGGAGACGtgcag
TARGETED_SETDB1_SITE1,gaaaggacgaaacaccgctacAGACCCCAGACTCACAACTCGTTTAAGAGCTATGCTGGAAACAGCATAGCAAGTTTAAATAAGGCTAGTCCGTTATCAACTTGAAAAAGTGGCACCGAGTCGGTGCttttttCTACGGAGACGtgcag
TARGETED_SETDB1_SITE_2,gaaaggacgaaacaccgctacAGAGCGAAAGCGAAGGGATAGTTTAAGAGCTATGCTGGAAACAGCATAGCAAGTTTAAATAAGGCTAGTCCGTTATCAACTTGAAAAAGTGGCACCGAGTCGGTGCttttttCTACGGAGACGtgcag
TARGETED_SETDB1_SITE_3,gaaaggacgaaacaccgctacACGGAAAAGAGCGAAAGCGAGTTTAAGAGCTATGCTGGAAACAGCATAGCAAGTTTAAATAAGGCTAGTCCGTTATCAACTTGAAAAAGTGGCACCGAGTCGGTGCttttttCTACGGAGACGtgcag
TARGETED_EHMT1_SITE1,gaaaggacgaaacaccgctacCCCGCTGCTCACCTCGGCATGTTTAAGAGCTATGCTGGAAACAGCATAGCAAGTTTAAATAAGGCTAGTCCGTTATCAACTTGAAAAAGTGGCACCGAGTCGGTGCttttttCTACGGAGACGtgcag
TARGETED_EHMT1_SITE_2,gaaaggacgaaacaccgctacGCTGCTCACCTCGGCATCGGGTTTAAGAGCTATGCTGGAAACAGCATAGCAAGTTTAAATAAGGCTAGTCCGTTATCAACTTGAAAAAGTGGCACCGAGTCGGTGCttttttCTACGGAGACGtgcag
TARGETED_EHMT1_SITE_3,gaaaggacgaaacaccgctacGCCGATGCCGAGGTGAGCAGGTTTAAGAGCTATGCTGGAAACAGCATAGCAAGTTTAAATAAGGCTAGTCCGTTATCAACTTGAAAAAGTGGCACCGAGTCGGTGCttttttCTACGGAGACGtgcag
TARGETED_ATF7IP_SITE1,gaaaggacgaaacaccgctacAAGCTGAGGCGGCAACGTCGGTTTAAGAGCTATGCTGGAAACAGCATAGCAAGTTTAAATAAGGCTAGTCCGTTATCAACTTGAAAAAGTGGCACCGAGTCGGTGCttttttCTACGGAGACGtgcag
TARGETED_ATF7IP_SITE_2,gaaaggacgaaacaccgctacGCTGCGCGGGACGGCTCTGTGTTTAAGAGCTATGCTGGAAACAGCATAGCAAGTTTAAATAAGGCTAGTCCGTTATCAACTTGAAAAAGTGGCACCGAGTCGGTGCttttttCTACGGAGACGtgcag
TARGETED_ATF7IP_SITE_3,gaaaggacgaaacaccgctacAACGTCGGGGACGGCTGCGCGTTTAAGAGCTATGCTGGAAACAGCATAGCAAGTTTAAATAAGGCTAGTCCGTTATCAACTTGAAAAAGTGGCACCGAGTCGGTGCttttttCTACGGAGACGtgcag
TARGETED_RCOR1_SITE1,gaaaggacgaaacaccgctacAGTTGGTGCCAGTGAAGTGAGTTTAAGAGCTATGCTGGAAACAGCATAGCAAGTTTAAATAAGGCTAGTCCGTTATCAACTTGAAAAAGTGGCACCGAGTCGGTGCttttttCTACGGAGACGtgcag
TARGETED_RCOR1_SITE_2,gaaaggacgaaacaccgctacTAGTTGGTGCCAGTGAAGTGGTTTAAGAGCTATGCTGGAAACAGCATAGCAAGTTTAAATAAGGCTAGTCCGTTATCAACTTGAAAAAGTGGCACCGAGTCGGTGCttttttCTACGGAGACGtgcag
TARGETED_RCOR1_SITE_3,gaaaggacgaaacaccgctacGAGTCGGGGGAGGCCCAAACGTTTAAGAGCTATGCTGGAAACAGCATAGCAAGTTTAAATAAGGCTAGTCCGTTATCAACTTGAAAAAGTGGCACCGAGTCGGTGCttttttCTACGGAGACGtgcag
TARGETED_RCOR2_SITE1,gaaaggacgaaacaccgctacTCGCTCTCCCCGCCGCGCTCGTTTAAGAGCTATGCTGGAAACAGCATAGCAAGTTTAAATAAGGCTAGTCCGTTATCAACTTGAAAAAGTGGCACCGAGTCGGTGCttttttCTACGGAGACGtgcag
TARGETED_RCOR2_SITE_2,gaaaggacgaaacaccgctacGCGGAGAGCGGGCGAGCAAGGTTTAAGAGCTATGCTGGAAACAGCATAGCAAGTTTAAATAAGGCTAGTCCGTTATCAACTTGAAAAAGTGGCACCGAGTCGGTGCttttttCTACGGAGACGtgcag
TARGETED_RCOR2_SITE_3,gaaaggacgaaacaccgctacAAGCGGCATCCCGAGCGCGGGTTTAAGAGCTATGCTGGAAACAGCATAGCAAGTTTAAATAAGGCTAGTCCGTTATCAACTTGAAAAAGTGGCACCGAGTCGGTGCttttttCTACGGAGACGtgcag
TARGETED_PBRM1_SITE1,gaaaggacgaaacaccgctacAAGGCCCGGCAGCTGACCAAGTTTAAGAGCTATGCTGGAAACAGCATAGCAAGTTTAAATAAGGCTAGTCCGTTATCAACTTGAAAAAGTGGCACCGAGTCGGTGCttttttCTACGGAGACGtgcag
TARGETED_PBRM1_SITE_2,gaaaggacgaaacaccgctacGGCGGCGGGTGCCGAAGCGAGTTTAAGAGCTATGCTGGAAACAGCATAGCAAGTTTAAATAAGGCTAGTCCGTTATCAACTTGAAAAAGTGGCACCGAGTCGGTGCttttttCTACGGAGACGtgcag
TARGETED_PBRM1_SITE_3,gaaaggacgaaacaccgctacAGCAATAGCAGCAGCCGTGGGTTTAAGAGCTATGCTGGAAACAGCATAGCAAGTTTAAATAAGGCTAGTCCGTTATCAACTTGAAAAAGTGGCACCGAGTCGGTGCttttttCTACGGAGACGtgcag
TARGETED_YEATS4_SITE1,gaaaggacgaaacaccgctacTGAGTAACCGTCAACTCCTCGTTTAAGAGCTATGCTGGAAACAGCATAGCAAGTTTAAATAAGGCTAGTCCGTTATCAACTTGAAAAAGTGGCACCGAGTCGGTGCttttttCTACGGAGACGtgcag
TARGETED_YEATS4_SITE_2,gaaaggacgaaacaccgctacATGGCCTTCAGGAGCACAGTGTTTAAGAGCTATGCTGGAAACAGCATAGCAAGTTTAAATAAGGCTAGTCCGTTATCAACTTGAAAAAGTGGCACCGAGTCGGTGCttttttCTACGGAGACGtgcag
TARGETED_YEATS4_SITE_3,gaaaggacgaaacaccgctacTCAGGAGCACAGTCGGCCTGGTTTAAGAGCTATGCTGGAAACAGCATAGCAAGTTTAAATAAGGCTAGTCCGTTATCAACTTGAAAAAGTGGCACCGAGTCGGTGCttttttCTACGGAGACGtgcag
TARGETED_ZNHIT1_SITE1,gaaaggacgaaacaccgctacAATGGTGGAGAAGAAAACTTGTTTAAGAGCTATGCTGGAAACAGCATAGCAAGTTTAAATAAGGCTAGTCCGTTATCAACTTGAAAAAGTGGCACCGAGTCGGTGCttttttCTACGGAGACGtgcag
TARGETED_ZNHIT1_SITE_2,gaaaggacgaaacaccgctacCAGTTGTGTTGTGCCAATGGGTTTAAGAGCTATGCTGGAAACAGCATAGCAAGTTTAAATAAGGCTAGTCCGTTATCAACTTGAAAAAGTGGCACCGAGTCGGTGCttttttCTACGGAGACGtgcag
TARGETED_ZNHIT1_SITE_3,gaaaggacgaaacaccgctacATGGTGGAGAAGAAAACTTCGTTTAAGAGCTATGCTGGAAACAGCATAGCAAGTTTAAATAAGGCTAGTCCGTTATCAACTTGAAAAAGTGGCACCGAGTCGGTGCttttttCTACGGAGACGtgcag
TARGETED_RBBP4_SITE1,gaaaggacgaaacaccgctacGCTCGACCCCAGGATTCCCCGTTTAAGAGCTATGCTGGAAACAGCATAGCAAGTTTAAATAAGGCTAGTCCGTTATCAACTTGAAAAAGTGGCACCGAGTCGGTGCttttttCTACGGAGACGtgcag
TARGETED_RBBP4_SITE_2,gaaaggacgaaacaccgctacGGCGAGCCGGGGGAATCCTGGTTTAAGAGCTATGCTGGAAACAGCATAGCAAGTTTAAATAAGGCTAGTCCGTTATCAACTTGAAAAAGTGGCACCGAGTCGGTGCttttttCTACGGAGACGtgcag
TARGETED_RBBP4_SITE_3,gaaaggacgaaacaccgctacATGGCGGGCAGGCGAGCCGGGTTTAAGAGCTATGCTGGAAACAGCATAGCAAGTTTAAATAAGGCTAGTCCGTTATCAACTTGAAAAAGTGGCACCGAGTCGGTGCttttttCTACGGAGACGtgcag
TARGETED_CHD4_SITE1,gaaaggacgaaacaccgctacGAGCGGGAGTGACACCGAGCGTTTAAGAGCTATGCTGGAAACAGCATAGCAAGTTTAAATAAGGCTAGTCCGTTATCAACTTGAAAAAGTGGCACCGAGTCGGTGCttttttCTACGGAGACGtgcag
TARGETED_CHD4_SITE_2,gaaaggacgaaacaccgctacTCCTCGCCGCGGCCGAAGGGGTTTAAGAGCTATGCTGGAAACAGCATAGCAAGTTTAAATAAGGCTAGTCCGTTATCAACTTGAAAAAGTGGCACCGAGTCGGTGCttttttCTACGGAGACGtgcag
TARGETED_CHD4_SITE_3,gaaaggacgaaacaccgctacACCCCGCGCTCTCCTCACCCGTTTAAGAGCTATGCTGGAAACAGCATAGCAAGTTTAAATAAGGCTAGTCCGTTATCAACTTGAAAAAGTGGCACCGAGTCGGTGCttttttCTACGGAGACGtgcag
TARGETED_PRMT1_SITE1,gaaaggacgaaacaccgctacGGCCGCGAACTGCATCATGGGTTTAAGAGCTATGCTGGAAACAGCATAGCAAGTTTAAATAAGGCTAGTCCGTTATCAACTTGAAAAAGTGGCACCGAGTCGGTGCttttttCTACGGAGACGtgcag
TARGETED_PRMT1_SITE_2,gaaaggacgaaacaccgctacCCAAAGCCGCCTCCCGCCCAGTTTAAGAGCTATGCTGGAAACAGCATAGCAAGTTTAAATAAGGCTAGTCCGTTATCAACTTGAAAAAGTGGCACCGAGTCGGTGCttttttCTACGGAGACGtgcag
TARGETED_PRMT1_SITE_3,gaaaggacgaaacaccgctacAGCGCTTGGAGCGCCGCCGTGTTTAAGAGCTATGCTGGAAACAGCATAGCAAGTTTAAATAAGGCTAGTCCGTTATCAACTTGAAAAAGTGGCACCGAGTCGGTGCttttttCTACGGAGACGtgcag
TARGETED_PRMT5_SITE1,gaaaggacgaaacaccgctacGGTGGGAGCCGCGTGTCCAGGTTTAAGAGCTATGCTGGAAACAGCATAGCAAGTTTAAATAAGGCTAGTCCGTTATCAACTTGAAAAAGTGGCACCGAGTCGGTGCttttttCTACGGAGACGtgcag
TARGETED_PRMT5_SITE_2,gaaaggacgaaacaccgctacGCAATTCAGGTCCCTCCCGCGTTTAAGAGCTATGCTGGAAACAGCATAGCAAGTTTAAATAAGGCTAGTCCGTTATCAACTTGAAAAAGTGGCACCGAGTCGGTGCttttttCTACGGAGACGtgcag
TARGETED_PRMT5_SITE_3,gaaaggacgaaacaccgctacGAGCCGCGTGTCCAGCGGGAGTTTAAGAGCTATGCTGGAAACAGCATAGCAAGTTTAAATAAGGCTAGTCCGTTATCAACTTGAAAAAGTGGCACCGAGTCGGTGCttttttCTACGGAGACGtgcag
TARGETED_TAF12_SITE1,gaaaggacgaaacaccgctacTGGCAGTTGAGGAACAAGAGGTTTAAGAGCTATGCTGGAAACAGCATAGCAAGTTTAAATAAGGCTAGTCCGTTATCAACTTGAAAAAGTGGCACCGAGTCGGTGCttttttCTACGGAGACGtgcag
TARGETED_TAF12_SITE_2,gaaaggacgaaacaccgctacTGCCAGGGCCCAAGACTCACGTTTAAGAGCTATGCTGGAAACAGCATAGCAAGTTTAAATAAGGCTAGTCCGTTATCAACTTGAAAAAGTGGCACCGAGTCGGTGCttttttCTACGGAGACGtgcag
TARGETED_TAF12_SITE_3,gaaaggacgaaacaccgctacGGCAGTTGAGGAACAAGAGCGTTTAAGAGCTATGCTGGAAACAGCATAGCAAGTTTAAATAAGGCTAGTCCGTTATCAACTTGAAAAAGTGGCACCGAGTCGGTGCttttttCTACGGAGACGtgcag
TARGETED_TAF1_SITE1,gaaaggacgaaacaccgctacGACAGCGACGAAGATTCCGCGTTTAAGAGCTATGCTGGAAACAGCATAGCAAGTTTAAATAAGGCTAGTCCGTTATCAACTTGAAAAAGTGGCACCGAGTCGGTGCttttttCTACGGAGACGtgcag
TARGETED_TAF1_SITE_2,gaaaggacgaaacaccgctacTGCCGCCATCATGTCAGACAGTTTAAGAGCTATGCTGGAAACAGCATAGCAAGTTTAAATAAGGCTAGTCCGTTATCAACTTGAAAAAGTGGCACCGAGTCGGTGCttttttCTACGGAGACGtgcag
TARGETED_TAF1_SITE_3,gaaaggacgaaacaccgctacAGAAAATGGGCCGCCTCCAGGTTTAAGAGCTATGCTGGAAACAGCATAGCAAGTTTAAATAAGGCTAGTCCGTTATCAACTTGAAAAAGTGGCACCGAGTCGGTGCttttttCTACGGAGACGtgcag
TARGETED_TAF8_SITE1,gaaaggacgaaacaccgctacCGGTGGCTCCGGAACGGTAAGTTTAAGAGCTATGCTGGAAACAGCATAGCAAGTTTAAATAAGGCTAGTCCGTTATCAACTTGAAAAAGTGGCACCGAGTCGGTGCttttttCTACGGAGACGtgcag
TARGETED_TAF8_SITE_2,gaaaggacgaaacaccgctacGGCTCCGGAACGGTAAGGGCGTTTAAGAGCTATGCTGGAAACAGCATAGCAAGTTTAAATAAGGCTAGTCCGTTATCAACTTGAAAAAGTGGCACCGAGTCGGTGCttttttCTACGGAGACGtgcag
TARGETED_TAF8_SITE_3,gaaaggacgaaacaccgctacACGGTAAGGGCAGGAAGCGCGTTTAAGAGCTATGCTGGAAACAGCATAGCAAGTTTAAATAAGGCTAGTCCGTTATCAACTTGAAAAAGTGGCACCGAGTCGGTGCttttttCTACGGAGACGtgcag
TARGETED_ERCC3_SITE1,gaaaggacgaaacaccgctacGAAGATGACCCCGCTCCCACGTTTAAGAGCTATGCTGGAAACAGCATAGCAAGTTTAAATAAGGCTAGTCCGTTATCAACTTGAAAAAGTGGCACCGAGTCGGTGCttttttCTACGGAGACGtgcag
TARGETED_ERCC3_SITE_2,gaaaggacgaaacaccgctacGCCGCGGCATCCGCTCTGGGGTTTAAGAGCTATGCTGGAAACAGCATAGCAAGTTTAAATAAGGCTAGTCCGTTATCAACTTGAAAAAGTGGCACCGAGTCGGTGCttttttCTACGGAGACGtgcag
TARGETED_ERCC3_SITE_3,gaaaggacgaaacaccgctacGGATGCCGCGGCGGGCCTGTGTTTAAGAGCTATGCTGGAAACAGCATAGCAAGTTTAAATAAGGCTAGTCCGTTATCAACTTGAAAAAGTGGCACCGAGTCGGTGCttttttCTACGGAGACGtgcag
TARGETED_CDK7_SITE1,gaaaggacgaaacaccgctacACTTCACGTCCAGAGCCATCGTTTAAGAGCTATGCTGGAAACAGCATAGCAAGTTTAAATAAGGCTAGTCCGTTATCAACTTGAAAAAGTGGCACCGAGTCGGTGCttttttCTACGGAGACGtgcag
TARGETED_CDK7_SITE_2,gaaaggacgaaacaccgctacGGAGTCGGGCTTTACGGCGCGTTTAAGAGCTATGCTGGAAACAGCATAGCAAGTTTAAATAAGGCTAGTCCGTTATCAACTTGAAAAAGTGGCACCGAGTCGGTGCttttttCTACGGAGACGtgcag
TARGETED_CDK7_SITE_3,gaaaggacgaaacaccgctacAGTGGGTGTTGGAGGCTTTAGTTTAAGAGCTATGCTGGAAACAGCATAGCAAGTTTAAATAAGGCTAGTCCGTTATCAACTTGAAAAAGTGGCACCGAGTCGGTGCttttttCTACGGAGACGtgcag
TARGETED_CCNH_SITE1,gaaaggacgaaacaccgctacCTTCCGCGAGATCTTCGGTGGTTTAAGAGCTATGCTGGAAACAGCATAGCAAGTTTAAATAAGGCTAGTCCGTTATCAACTTGAAAAAGTGGCACCGAGTCGGTGCttttttCTACGGAGACGtgcag
TARGETED_CCNH_SITE_2,gaaaggacgaaacaccgctacACCCAAACGCATCAGCGTCCGTTTAAGAGCTATGCTGGAAACAGCATAGCAAGTTTAAATAAGGCTAGTCCGTTATCAACTTGAAAAAGTGGCACCGAGTCGGTGCttttttCTACGGAGACGtgcag
TARGETED_CCNH_SITE_3,gaaaggacgaaacaccgctacGAAGATCTCGCGGAAGCCTAGTTTAAGAGCTATGCTGGAAACAGCATAGCAAGTTTAAATAAGGCTAGTCCGTTATCAACTTGAAAAAGTGGCACCGAGTCGGTGCttttttCTACGGAGACGtgcag
TARGETED_STAT5A_SITE1,gaaaggacgaaacaccgctacGACGGTGCGGCCCCACCAGGGTTTAAGAGCTATGCTGGAAACAGCATAGCAAGTTTAAATAAGGCTAGTCCGTTATCAACTTGAAAAAGTGGCACCGAGTCGGTGCttttttCTACGGAGACGtgcag
TARGETED_STAT5A_SITE_2,gaaaggacgaaacaccgctacGCCGCCGCCGCCAGGAACCCGTTTAAGAGCTATGCTGGAAACAGCATAGCAAGTTTAAATAAGGCTAGTCCGTTATCAACTTGAAAAAGTGGCACCGAGTCGGTGCttttttCTACGGAGACGtgcag
TARGETED_STAT5A_SITE_3,gaaaggacgaaacaccgctacGGCCGGGAGCGAGAGCCGCGGTTTAAGAGCTATGCTGGAAACAGCATAGCAAGTTTAAATAAGGCTAGTCCGTTATCAACTTGAAAAAGTGGCACCGAGTCGGTGCttttttCTACGGAGACGtgcag
TARGETED_TP53_SITE1,gaaaggacgaaacaccgctacCCAGGGAGCAGGTAGCTGCTGTTTAAGAGCTATGCTGGAAACAGCATAGCAAGTTTAAATAAGGCTAGTCCGTTATCAACTTGAAAAAGTGGCACCGAGTCGGTGCttttttCTACGGAGACGtgcag
TARGETED_TP53_SITE_2,gaaaggacgaaacaccgctacAGAGCCACCGTCCAGGGAGCGTTTAAGAGCTATGCTGGAAACAGCATAGCAAGTTTAAATAAGGCTAGTCCGTTATCAACTTGAAAAAGTGGCACCGAGTCGGTGCttttttCTACGGAGACGtgcag
TARGETED_TP53_SITE_3,gaaaggacgaaacaccgctacCCCAGCAGCTACCTGCTCCCGTTTAAGAGCTATGCTGGAAACAGCATAGCAAGTTTAAATAAGGCTAGTCCGTTATCAACTTGAAAAAGTGGCACCGAGTCGGTGCttttttCTACGGAGACGtgcag
TARGETED_SPI1_SITE1,gaaaggacgaaacaccgctacCAGGGCTCCTGTAGCTCAGGGTTTAAGAGCTATGCTGGAAACAGCATAGCAAGTTTAAATAAGGCTAGTCCGTTATCAACTTGAAAAAGTGGCACCGAGTCGGTGCttttttCTACGGAGACGtgcag
TARGETED_SPI1_SITE_2,gaaaggacgaaacaccgctacCCAGGGCTCCTGTAGCTCAGGTTTAAGAGCTATGCTGGAAACAGCATAGCAAGTTTAAATAAGGCTAGTCCGTTATCAACTTGAAAAAGTGGCACCGAGTCGGTGCttttttCTACGGAGACGtgcag
TARGETED_SPI1_SITE_3,gaaaggacgaaacaccgctacTCAAGGGAGGGGGCTCACCCGTTTAAGAGCTATGCTGGAAACAGCATAGCAAGTTTAAATAAGGCTAGTCCGTTATCAACTTGAAAAAGTGGCACCGAGTCGGTGCttttttCTACGGAGACGtgcag
TARGETED_RUNX1_SITE1,gaaaggacgaaacaccgctacAAGAAGTGCCTGGCGGCGCAGTTTAAGAGCTATGCTGGAAACAGCATAGCAAGTTTAAATAAGGCTAGTCCGTTATCAACTTGAAAAAGTGGCACCGAGTCGGTGCttttttCTACGGAGACGtgcag
TARGETED_RUNX1_SITE_2,gaaaggacgaaacaccgctacGAGCCCCGGAAAGAAGTGCCGTTTAAGAGCTATGCTGGAAACAGCATAGCAAGTTTAAATAAGGCTAGTCCGTTATCAACTTGAAAAAGTGGCACCGAGTCGGTGCttttttCTACGGAGACGtgcag
TARGETED_RUNX1_SITE_3,gaaaggacgaaacaccgctacCCCGCGGCCGGACCCAGCCAGTTTAAGAGCTATGCTGGAAACAGCATAGCAAGTTTAAATAAGGCTAGTCCGTTATCAACTTGAAAAAGTGGCACCGAGTCGGTGCttttttCTACGGAGACGtgcag
TARGETED_NFKB1_SITE1,gaaaggacgaaacaccgctacGGAAGAGGAGGTTTCGCCACGTTTAAGAGCTATGCTGGAAACAGCATAGCAAGTTTAAATAAGGCTAGTCCGTTATCAACTTGAAAAAGTGGCACCGAGTCGGTGCttttttCTACGGAGACGtgcag
TARGETED_NFKB1_SITE_2,gaaaggacgaaacaccgctacGCGTCGCCGGGCCGCTCCGGGTTTAAGAGCTATGCTGGAAACAGCATAGCAAGTTTAAATAAGGCTAGTCCGTTATCAACTTGAAAAAGTGGCACCGAGTCGGTGCttttttCTACGGAGACGtgcag
TARGETED_NFKB1_SITE_3,gaaaggacgaaacaccgctacCGAGCCGGGGCAGGAAGAGGGTTTAAGAGCTATGCTGGAAACAGCATAGCAAGTTTAAATAAGGCTAGTCCGTTATCAACTTGAAAAAGTGGCACCGAGTCGGTGCttttttCTACGGAGACGtgcag
TARGETED_MECOM_SITE1,gaaaggacgaaacaccgctacCGAGTGTGGATTGAGAGAAAGTTTAAGAGCTATGCTGGAAACAGCATAGCAAGTTTAAATAAGGCTAGTCCGTTATCAACTTGAAAAAGTGGCACCGAGTCGGTGCttttttCTACGGAGACGtgcag
TARGETED_MECOM_SITE_2,gaaaggacgaaacaccgctacAGAGACAGGAGAGAGAGGGAGTTTAAGAGCTATGCTGGAAACAGCATAGCAAGTTTAAATAAGGCTAGTCCGTTATCAACTTGAAAAAGTGGCACCGAGTCGGTGCttttttCTACGGAGACGtgcag
TARGETED_MECOM_SITE_3,gaaaggacgaaacaccgctacGGTGTCCAAACTGACAATGCGTTTAAGAGCTATGCTGGAAACAGCATAGCAAGTTTAAATAAGGCTAGTCCGTTATCAACTTGAAAAAGTGGCACCGAGTCGGTGCttttttCTACGGAGACGtgcag
TARGETED_LYL1_SITE1,gaaaggacgaaacaccgctacGGTTTCCTCCCTCTCACCCCGTTTAAGAGCTATGCTGGAAACAGCATAGCAAGTTTAAATAAGGCTAGTCCGTTATCAACTTGAAAAAGTGGCACCGAGTCGGTGCttttttCTACGGAGACGtgcag
TARGETED_LYL1_SITE_2,gaaaggacgaaacaccgctacGCTGCGCCGCCAGGGGTGAGGTTTAAGAGCTATGCTGGAAACAGCATAGCAAGTTTAAATAAGGCTAGTCCGTTATCAACTTGAAAAAGTGGCACCGAGTCGGTGCttttttCTACGGAGACGtgcag
TARGETED_LYL1_SITE_3,gaaaggacgaaacaccgctacAGGGGTGAGAGGGAGGAAACGTTTAAGAGCTATGCTGGAAACAGCATAGCAAGTTTAAATAAGGCTAGTCCGTTATCAACTTGAAAAAGTGGCACCGAGTCGGTGCttttttCTACGGAGACGtgcag
TARGETED_GATA1_SITE1,gaaaggacgaaacaccgctacCTGAGCTTGCCACATCCCCAGTTTAAGAGCTATGCTGGAAACAGCATAGCAAGTTTAAATAAGGCTAGTCCGTTATCAACTTGAAAAAGTGGCACCGAGTCGGTGCttttttCTACGGAGACGtgcag
TARGETED_GATA1_SITE_2,gaaaggacgaaacaccgctacAGCTTGCCACATCCCCAAGGGTTTAAGAGCTATGCTGGAAACAGCATAGCAAGTTTAAATAAGGCTAGTCCGTTATCAACTTGAAAAAGTGGCACCGAGTCGGTGCttttttCTACGGAGACGtgcag
TARGETED_GATA1_SITE_3,gaaaggacgaaacaccgctacCCTTGGTGGGGGCTCTCTGGGTTTAAGAGCTATGCTGGAAACAGCATAGCAAGTTTAAATAAGGCTAGTCCGTTATCAACTTGAAAAAGTGGCACCGAGTCGGTGCttttttCTACGGAGACGtgcag
TARGETED_FOS_SITE1,gaaaggacgaaacaccgctacATGCTCGCTGCAGATGCGGTGTTTAAGAGCTATGCTGGAAACAGCATAGCAAGTTTAAATAAGGCTAGTCCGTTATCAACTTGAAAAAGTGGCACCGAGTCGGTGCttttttCTACGGAGACGtgcag
TARGETED_FOS_SITE_2,gaaaggacgaaacaccgctacAGAAGCCAAGACTGAGCCGGGTTTAAGAGCTATGCTGGAAACAGCATAGCAAGTTTAAATAAGGCTAGTCCGTTATCAACTTGAAAAAGTGGCACCGAGTCGGTGCttttttCTACGGAGACGtgcag
TARGETED_FOS_SITE_3,gaaaggacgaaacaccgctacCTGAGAAGCCAAGACTGAGCGTTTAAGAGCTATGCTGGAAACAGCATAGCAAGTTTAAATAAGGCTAGTCCGTTATCAACTTGAAAAAGTGGCACCGAGTCGGTGCttttttCTACGGAGACGtgcag
TARGETED_FLI1_SITE1,gaaaggacgaaacaccgctacACAACAACAAACGTGCACAGGTTTAAGAGCTATGCTGGAAACAGCATAGCAAGTTTAAATAAGGCTAGTCCGTTATCAACTTGAAAAAGTGGCACCGAGTCGGTGCttttttCTACGGAGACGtgcag
TARGETED_FLI1_SITE_2,gaaaggacgaaacaccgctacGAGGGCAGGGCGCTCGCAGGGTTTAAGAGCTATGCTGGAAACAGCATAGCAAGTTTAAATAAGGCTAGTCCGTTATCAACTTGAAAAAGTGGCACCGAGTCGGTGCttttttCTACGGAGACGtgcag
TARGETED_FLI1_SITE_3,gaaaggacgaaacaccgctacAAACGTGCACAGGGGAGTGAGTTTAAGAGCTATGCTGGAAACAGCATAGCAAGTTTAAATAAGGCTAGTCCGTTATCAACTTGAAAAAGTGGCACCGAGTCGGTGCttttttCTACGGAGACGtgcag
TARGETED_CEBPA_SITE1,gaaaggacgaaacaccgctacGGCGAGCAGGGTCTCCGGGTGTTTAAGAGCTATGCTGGAAACAGCATAGCAAGTTTAAATAAGGCTAGTCCGTTATCAACTTGAAAAAGTGGCACCGAGTCGGTGCttttttCTACGGAGACGtgcag
TARGETED_CEBPA_SITE_2,gaaaggacgaaacaccgctacGGGCGAGCAGGGTCTCCGGGGTTTAAGAGCTATGCTGGAAACAGCATAGCAAGTTTAAATAAGGCTAGTCCGTTATCAACTTGAAAAAGTGGCACCGAGTCGGTGCttttttCTACGGAGACGtgcag
TARGETED_CEBPA_SITE_3,gaaaggacgaaacaccgctacCGGCGGCCTCCAGCCTGCGCGTTTAAGAGCTATGCTGGAAACAGCATAGCAAGTTTAAATAAGGCTAGTCCGTTATCAACTTGAAAAAGTGGCACCGAGTCGGTGCttttttCTACGGAGACGtgcag
